x,y,z,timestamp,label
0.7956695556640625,0.102081298828125,0.8629302978515625,1432989284903.159,Drive
0.8013153076171875,0.0536346435546875,0.7155303955078125,1432989285007.602,Drive
0.7489776611328125,0.070709228515625,0.6800689697265625,1432989285102.739,Drive
0.64617919921875,0.06634521484375,0.6768951416015625,1432989285211.606,Drive
0.5628509521484375,0.061492919921875,0.671173095703125,1432989285300.57,Drive
0.6584320068359375,0.0185089111328125,0.7027740478515625,1432989285411.058,Drive
0.6962127685546875,0.075775146484375,0.7787017822265625,1432989285528.429,Drive
0.6899566650390625,-0.005157470703125,0.7025909423828125,1432989285571.893,Drive
0.6058502197265625,0.0761566162109375,0.705322265625,1432989285768.606,Drive
0.6997833251953125,0.0197906494140625,0.7340087890625,1432989285862.978,Drive
0.6469573974609375,0.0393524169921875,0.656463623046875,1432989285951.236,Drive
0.633270263671875,0.1296234130859375,0.7614593505859375,1432989286131.848,Drive
0.7637786865234375,0.1039276123046875,0.688079833984375,1432989286228.239,Drive
0.70770263671875,0.074859619140625,0.714385986328125,1432989286336.055,Drive
0.7372589111328125,0.0493927001953125,0.7190399169921875,1432989286434.458,Drive
0.752044677734375,0.048858642578125,0.700775146484375,1432989286545.858,Drive
0.7378387451171875,0.0365142822265625,0.7729339599609375,1432989286643.872,Drive
0.5675506591796875,0.010162353515625,0.522796630859375,1432989286788.531,Drive
0.59735107421875,0.0246734619140625,0.605560302734375,1432989286897.49,Drive
0.5941009521484375,0.0391082763671875,0.609344482421875,1432989286997.314,Drive
0.643310546875,0.0193023681640625,0.748443603515625,1432989287095.919,Drive
0.73602294921875,0.0628204345703125,0.721893310546875,1432989287194.602,Drive
0.823760986328125,0.008636474609375,0.857086181640625,1432989287237.803,Drive
0.7742767333984375,0.0098876953125,0.7738189697265625,1432989287413.487,Drive
0.669891357421875,0.05120849609375,0.7479095458984375,1432989287512.835,Drive
0.663360595703125,0.013641357421875,0.7048797607421875,1432989287612.502,Drive
0.6524505615234375,0.041351318359375,0.6790924072265625,1432989287722.736,Drive
0.7075958251953125,0.075897216796875,0.7222137451171875,1432989287824.211,Drive
0.755401611328125,0.113067626953125,0.72406005859375,1432989287923.285,Drive
0.77716064453125,0.0128021240234375,0.689727783203125,1432989288031.531,Drive
0.6684112548828125,0.053955078125,0.5424041748046875,1432989288130.833,Drive
0.7233428955078125,0.03692626953125,0.685516357421875,1432989288250.895,Drive
0.6756591796875,0.084991455078125,0.6970062255859375,1432989288350.837,Drive
0.7557830810546875,0.009368896484375,0.7763519287109375,1432989288450.648,Drive
0.719696044921875,0.0639801025390625,0.7039031982421875,1432989288572.99,Drive
0.7266845703125,0.0543670654296875,0.6209716796875,1432989288672.055,Drive
0.65771484375,0.0672454833984375,0.6047210693359375,1432989288769.175,Drive
0.5459442138671875,0.04632568359375,0.6474151611328125,1432989288879.2,Drive
0.7211151123046875,0.05322265625,0.6834564208984375,1432989288988.225,Drive
0.8274078369140625,-0.001312255859375,0.7319488525390625,1432989289088.23,Drive
0.8101654052734375,0.033538818359375,0.7363433837890625,1432989289188.665,Drive
0.712982177734375,0.059478759765625,0.622589111328125,1432989289288.098,Drive
0.730926513671875,0.04351806640625,0.6905364990234375,1432989289397.267,Drive
0.7528533935546875,0.107177734375,0.7024993896484375,1432989289496.803,Drive
0.58935546875,0.009979248046875,0.64849853515625,1432989289595.754,Drive
0.6074066162109375,0.0680999755859375,0.6692047119140625,1432989289696.121,Drive
0.7930908203125,0.036590576171875,0.618560791015625,1432989289806.155,Drive
0.7284088134765625,0.0542449951171875,0.8019866943359375,1432989289905.655,Drive
0.7269744873046875,0.0726776123046875,0.7314300537109375,1432989290004.297,Drive
0.708892822265625,0.0352783203125,0.6783905029296875,1432989290114.528,Drive
0.6634674072265625,0.064361572265625,0.614654541015625,1432989290212.183,Drive
0.708160400390625,0.01708984375,0.7684478759765625,1432989290321.394,Drive
0.7214202880859375,0.0349578857421875,0.768646240234375,1432989290422.51,Drive
0.5818939208984375,0.05853271484375,0.7058563232421875,1432989290522.016,Drive
0.629241943359375,0.0221710205078125,0.6219024658203125,1432989290621.845,Drive
0.7084503173828125,-0.0018310546875,0.6941680908203125,1432989290732.045,Drive
0.7518463134765625,0.04339599609375,0.727203369140625,1432989290840.48,Drive
0.726104736328125,0.0162811279296875,0.729705810546875,1432989290940.274,Drive
0.84625244140625,0.058013916015625,0.6851654052734375,1432989291039.466,Drive
0.6121826171875,0.0183258056640625,0.6734161376953125,1432989291139.053,Drive
0.59161376953125,0.030364990234375,0.589752197265625,1432989291237.197,Drive
0.6247406005859375,0.0472564697265625,0.633453369140625,1432989291346.855,Drive
0.7828216552734375,0.014678955078125,0.6996307373046875,1432989291446.664,Drive
0.7834320068359375,0.025970458984375,0.8727569580078125,1432989291556.581,Drive
0.769683837890625,0.041748046875,0.6992340087890625,1432989291655.776,Drive
0.716705322265625,-0.019317626953125,0.6816864013671875,1432989291756.149,Drive
0.6641693115234375,0.0372772216796875,0.680328369140625,1432989291856.105,Drive
0.70062255859375,0.046234130859375,0.703582763671875,1432989291966.28,Drive
0.717193603515625,0.0419158935546875,0.7861328125,1432989292064.934,Drive
0.7201080322265625,0.0363311767578125,0.713836669921875,1432989292164.73,Drive
0.6979217529296875,0.0817413330078125,0.7102203369140625,1432989292272.079,Drive
0.632110595703125,0.000213623046875,0.8206787109375,1432989292371.478,Drive
0.471588134765625,0.0487518310546875,0.52838134765625,1432989292471.649,Drive
0.7169189453125,0.0742645263671875,0.675445556640625,1432989292582.82,Drive
0.8432464599609375,0.0412445068359375,0.7203826904296875,1432989292681.793,Drive
0.61614990234375,0.06427001953125,0.5950469970703125,1432989292781.592,Drive
0.5323028564453125,0.0421295166015625,0.5776519775390625,1432989292882.548,Drive
0.4348602294921875,0.0775299072265625,0.5499725341796875,1432989293015.035,Drive
0.504486083984375,-0.0037689208984375,0.7034759521484375,1432989293114.813,Drive
0.6875762939453125,0.1257781982421875,0.6931915283203125,1432989293213.702,Drive
0.8597869873046875,0.0667572021484375,0.91729736328125,1432989293325.106,Drive
0.807220458984375,-0.0199432373046875,0.825531005859375,1432989293424.972,Drive
0.6453857421875,0.03717041015625,0.628082275390625,1432989293524.252,Drive
0.652618408203125,0.0478057861328125,0.6555633544921875,1432989293624.359,Drive
0.638336181640625,0.0836639404296875,0.57489013671875,1432989293724.802,Drive
0.66351318359375,0.0706024169921875,0.762359619140625,1432989293824.608,Drive
0.7389678955078125,0.0438995361328125,0.747467041015625,1432989293944.741,Drive
0.778533935546875,0.0573272705078125,0.7463226318359375,1432989294044.474,Drive
0.7336578369140625,0.011749267578125,0.675079345703125,1432989294158.348,Drive
0.7079925537109375,0.0435791015625,0.7409515380859375,1432989294254.625,Drive
0.7306365966796875,0.0390472412109375,0.7209014892578125,1432989294354.827,Drive
0.6178131103515625,0.038909912109375,0.737060546875,1432989294465.466,Drive
0.7216796875,0.0348358154296875,0.6649627685546875,1432989294565.804,Drive
0.6981658935546875,-0.0056915283203125,0.6675567626953125,1432989294665.891,Drive
0.69342041015625,0.0183563232421875,0.8610687255859375,1432989294764.442,Drive
0.74285888671875,0.0261993408203125,0.6136016845703125,1432989294876.346,Drive
0.6693267822265625,0.025634765625,0.6736297607421875,1432989294975.473,Drive
0.7345123291015625,0.009796142578125,0.76904296875,1432989295086.713,Drive
0.6976776123046875,-0.0578155517578125,0.7098388671875,1432989295185.039,Drive
0.6443634033203125,0.0378875732421875,0.79241943359375,1432989295284.758,Drive
0.61297607421875,0.0324249267578125,0.74774169921875,1432989295396.508,Drive
0.66912841796875,-0.0747222900390625,0.76995849609375,1432989295497.305,Drive
0.684539794921875,0.018798828125,0.7913970947265625,1432989295596.954,Drive
0.7589874267578125,0.0504913330078125,0.687225341796875,1432989295695.988,Drive
0.58636474609375,0.01641845703125,0.8049468994140625,1432989295797.637,Drive
0.7488861083984375,0.0830230712890625,0.6682891845703125,1432989295906.177,Drive
0.583099365234375,0.083709716796875,0.647064208984375,1432989296006.441,Drive
0.5524444580078125,0.0456390380859375,0.5927581787109375,1432989296104.444,Drive
0.6535491943359375,0.011260986328125,0.6371612548828125,1432989296204.584,Drive
0.7773895263671875,-0.0193634033203125,0.72216796875,1432989296316.917,Drive
0.6965789794921875,0.04443359375,0.79937744140625,1432989296415.953,Drive
0.791290283203125,0.02520751953125,0.6244354248046875,1432989296515.693,Drive
0.6801605224609375,-0.0140838623046875,0.6446990966796875,1432989296615.897,Drive
0.5725555419921875,0.0389556884765625,0.5452728271484375,1432989296715.706,Drive
0.6361541748046875,0.0191192626953125,0.6171722412109375,1432989296826.558,Drive
0.799591064453125,0.03076171875,0.81439208984375,1432989296926.172,Drive
0.686676025390625,-0.0011749267578125,0.80621337890625,1432989297025.685,Drive
0.7560577392578125,0.03094482421875,0.639312744140625,1432989297135.757,Drive
0.7468719482421875,0.04736328125,0.731964111328125,1432989297235.147,Drive
0.6511688232421875,0.0604705810546875,0.6740875244140625,1432989297335.447,Drive
0.7598419189453125,-0.0124664306640625,0.7970733642578125,1432989297434.718,Drive
0.729278564453125,-0.01220703125,0.75335693359375,1432989297535.829,Drive
0.72808837890625,0.041748046875,0.6063690185546875,1432989297646.249,Drive
0.5721588134765625,-0.0208892822265625,0.6746673583984375,1432989297745.056,Drive
0.650634765625,0.0160064697265625,0.6282806396484375,1432989297845.184,Drive
0.7011871337890625,0.0343170166015625,0.7555084228515625,1432989297945.555,Drive
0.770843505859375,0.077178955078125,0.706939697265625,1432989298045.013,Drive
0.6768951416015625,0.059478759765625,0.6355133056640625,1432989298154.328,Drive
0.5903167724609375,0.0541839599609375,0.5778961181640625,1432989298254.978,Drive
0.597198486328125,-0.001434326171875,0.577301025390625,1432989298364.434,Drive
0.739349365234375,0.010498046875,0.850341796875,1432989298464.883,Drive
0.6831512451171875,0.0136871337890625,0.7542266845703125,1432989298574.876,Drive
0.71368408203125,-0.0191650390625,0.6904296875,1432989298786.757,Drive
0.7196502685546875,0.0283966064453125,0.68353271484375,1432989298890.986,Drive
0.74505615234375,0.046478271484375,0.6399688720703125,1432989298990.788,Drive
0.68194580078125,-0.0431671142578125,0.7045440673828125,1432989299091.171,Drive
0.5501556396484375,-0.030853271484375,0.582275390625,1432989299191.752,Drive
0.6073760986328125,0.0108642578125,0.6821441650390625,1432989299291.747,Drive
0.69696044921875,0.045196533203125,0.6858978271484375,1432989299403.489,Drive
0.8148651123046875,0.02227783203125,0.767791748046875,1432989299503.876,Drive
0.7679290771484375,0.0359954833984375,0.6933441162109375,1432989299604.398,Drive
0.698883056640625,0.02081298828125,0.6439666748046875,1432989299705.022,Drive
0.6265869140625,-0.011810302734375,0.6552734375,1432989299803.579,Drive
0.6218414306640625,-0.051177978515625,0.6279449462890625,1432989299904.164,Drive
0.52783203125,0.0286102294921875,0.6480712890625,1432989300029.368,Drive
0.752960205078125,-0.01409912109375,0.8067169189453125,1432989300126.609,Drive
0.8217010498046875,0.0727691650390625,0.764801025390625,1432989300250.202,Drive
0.8292694091796875,-0.0003509521484375,0.7368927001953125,1432989300346.019,Drive
0.764007568359375,-0.0119781494140625,0.853912353515625,1432989300459.336,Drive
0.699859619140625,0.0140838623046875,0.736968994140625,1432989300567.425,Drive
0.61590576171875,0.022247314453125,0.5991058349609375,1432989300677.893,Drive
0.7635498046875,-0.04315185546875,0.700439453125,1432989300981.973,Drive
0.664520263671875,-0.02587890625,0.6717987060546875,1432989301084.868,Drive
0.6665802001953125,0.006591796875,0.7714996337890625,1432989301184.964,Drive
0.7243804931640625,0.0798492431640625,0.7724609375,1432989301286.696,Drive
0.7557373046875,0.070587158203125,0.6831512451171875,1432989301387.113,Drive
0.6948394775390625,-0.002471923828125,0.6958465576171875,1432989301487.291,Drive
0.7216949462890625,0.002044677734375,0.63671875,1432989301590.898,Drive
0.573089599609375,-0.0218048095703125,0.679595947265625,1432989301687.51,Drive
0.606231689453125,-0.0311279296875,0.68328857421875,1432989301798.093,Drive
0.6859283447265625,-0.0113677978515625,0.643829345703125,1432989301898.625,Drive
0.6936187744140625,0.0230255126953125,0.7563629150390625,1432989301998.569,Drive
0.581756591796875,0.0042266845703125,0.7246551513671875,1432989302097.49,Drive
0.74078369140625,-0.04229736328125,0.7341766357421875,1432989302209.13,Drive
0.8313140869140625,-0.0286712646484375,0.7732696533203125,1432989302306.979,Drive
0.878021240234375,0.016143798828125,0.775054931640625,1432989302417.896,Drive
0.83642578125,-0.0281982421875,0.8311004638671875,1432989302517.806,Drive
0.8032989501953125,-0.0309906005859375,0.7658233642578125,1432989302617.697,Drive
0.7700653076171875,-0.026153564453125,0.6956024169921875,1432989302717.44,Drive
0.6244659423828125,-0.002105712890625,0.572021484375,1432989302816.073,Drive
0.6699981689453125,-0.0125579833984375,0.6787109375,1432989302925.665,Drive
0.6847686767578125,-0.0224609375,0.6781158447265625,1432989303024.361,Drive
0.7720947265625,-0.048065185546875,0.803375244140625,1432989303134.616,Drive
0.6632080078125,0.031494140625,0.769378662109375,1432989303233.11,Drive
0.784423828125,0.0356292724609375,0.6946868896484375,1432989303333.018,Drive
0.619537353515625,0.03167724609375,0.6881866455078125,1432989303443.629,Drive
0.711334228515625,0.0363922119140625,0.7958221435546875,1432989303543.059,Drive
0.65911865234375,0.0187225341796875,0.7262725830078125,1432989303643.244,Drive
0.5514678955078125,0.00506591796875,0.7386627197265625,1432989303743.222,Drive
0.6056976318359375,0.0596160888671875,0.582122802734375,1432989303854.172,Drive
0.6357879638671875,0.1055755615234375,0.7508392333984375,1432989303953.519,Drive
0.8026885986328125,0.026763916015625,0.8046875,1432989304053.809,Drive
0.6134033203125,-0.015106201171875,0.867279052734375,1432989304165.216,Drive
0.740447998046875,0.0075225830078125,0.8425750732421875,1432989304265.522,Drive
0.64288330078125,-0.003692626953125,0.7397308349609375,1432989304365.595,Drive
0.6971893310546875,-0.0086212158203125,0.752655029296875,1432989304465.956,Drive
0.656524658203125,0.0497283935546875,0.569580078125,1432989304566.439,Drive
0.7211456298828125,-0.03509521484375,0.741546630859375,1432989304677.105,Drive
0.6598968505859375,-0.0466766357421875,0.68548583984375,1432989304777.167,Drive
0.6891021728515625,-0.005218505859375,0.6937713623046875,1432989304877.103,Drive
0.8372650146484375,0.00115966796875,0.714569091796875,1432989304986.853,Drive
0.72686767578125,-0.06683349609375,0.63909912109375,1432989305086.485,Drive
0.69512939453125,-0.0205535888671875,0.7008209228515625,1432989305184.157,Drive
0.7128448486328125,0.036224365234375,0.5913848876953125,1432989305294.739,Drive
0.660797119140625,0.0678253173828125,0.6693572998046875,1432989305394.202,Drive
0.6409149169921875,0.0312957763671875,0.6045074462890625,1432989305494.967,Drive
0.557769775390625,0.0206756591796875,0.5929718017578125,1432989305604.447,Drive
0.768524169921875,-0.0126190185546875,0.8011627197265625,1432989305749.458,Drive
0.6103668212890625,0.021240234375,0.579437255859375,1432989305915.847,Drive
0.7164459228515625,0.050323486328125,0.6706390380859375,1432989306020.956,Drive
0.7518768310546875,0.023590087890625,0.7556610107421875,1432989306087.334,Drive
0.8075408935546875,-0.0210418701171875,0.7188873291015625,1432989306220.934,Drive
0.6984100341796875,0.0306396484375,0.668365478515625,1432989306346.794,Drive
0.6765899658203125,-0.0122528076171875,0.5340576171875,1432989306442.703,Drive
0.6255340576171875,-0.0360565185546875,0.6191558837890625,1432989306543.095,Drive
0.7504730224609375,0.019561767578125,0.63726806640625,1432989306643.639,Drive
0.766082763671875,0.06402587890625,0.7205810546875,1432989306754.957,Drive
0.8003387451171875,0.052581787109375,0.7986602783203125,1432989306857.041,Drive
0.7942962646484375,0.0238800048828125,0.782012939453125,1432989306954.823,Drive
0.71270751953125,0.00689697265625,0.8106689453125,1432989307064.548,Drive
0.6979827880859375,-0.0308074951171875,0.6412353515625,1432989307164.896,Drive
0.6746978759765625,-0.1383514404296875,0.732177734375,1432989307265.295,Drive
0.658294677734375,-0.0695037841796875,0.6943511962890625,1432989307367.1,Drive
0.67901611328125,-0.0945587158203125,0.6254425048828125,1432989307465.1,Drive
0.7212371826171875,-0.0706329345703125,0.629180908203125,1432989307576.534,Drive
0.7440338134765625,-0.0737152099609375,0.7559051513671875,1432989307686.804,Drive
0.824951171875,-0.0213623046875,0.7261199951171875,1432989307782.128,Drive
0.8612213134765625,-0.09368896484375,0.651885986328125,1432989307892.471,Drive
0.624664306640625,-0.0819244384765625,0.5224761962890625,1432989307989.364,Drive
0.6688385009765625,0.0551910400390625,0.665679931640625,1432989308100.063,Drive
0.679168701171875,-0.089996337890625,0.605865478515625,1432989308200.155,Drive
0.735443115234375,-0.058441162109375,0.6392364501953125,1432989308300.482,Drive
0.798309326171875,-0.0776519775390625,0.7707977294921875,1432989308400.403,Drive
0.746551513671875,-0.0375518798828125,0.650146484375,1432989308500.034,Drive
0.717041015625,-0.0626220703125,0.561553955078125,1432989308611.441,Drive
0.73516845703125,-0.132537841796875,0.780426025390625,1432989308711.684,Drive
0.72406005859375,-0.038116455078125,0.825775146484375,1432989308812.245,Drive
0.784820556640625,-0.0962677001953125,0.7911224365234375,1432989308910.548,Drive
0.8428192138671875,-0.19573974609375,0.7301788330078125,1432989309021.867,Drive
0.7036285400390625,-0.03546142578125,0.6638641357421875,1432989309122.436,Drive
0.6619415283203125,-0.1258544921875,0.8022918701171875,1432989309222.677,Drive
0.815399169921875,-0.1105194091796875,0.7752227783203125,1432989309323.243,Drive
0.71728515625,-0.1390380859375,0.66265869140625,1432989309422.822,Drive
0.716888427734375,-0.0690765380859375,0.5840911865234375,1432989309523.247,Drive
0.7857818603515625,-0.0847015380859375,0.6130523681640625,1432989309623.709,Drive
0.8325653076171875,-0.154449462890625,0.6280364990234375,1432989309724.497,Drive
0.656219482421875,-0.1741790771484375,0.548980712890625,1432989309825.157,Drive
0.7774658203125,-0.1844482421875,0.6573028564453125,1432989309935.296,Drive
0.6897125244140625,-0.18017578125,0.5986480712890625,1432989310035.697,Drive
0.8068695068359375,-0.126220703125,0.621490478515625,1432989310135.606,Drive
0.7150726318359375,-0.1667327880859375,0.5678253173828125,1432989310236.227,Drive
0.688568115234375,-0.1451873779296875,0.557373046875,1432989310335.819,Drive
0.7891998291015625,-0.1378936767578125,0.6544342041015625,1432989310436.236,Drive
0.5215301513671875,-0.069366455078125,0.682586669921875,1432989310536.675,Drive
0.6169586181640625,0.0350799560546875,0.7350921630859375,1432989310637.973,Drive
0.7255096435546875,0.017730712890625,0.777618408203125,1432989310747.914,Drive
0.741241455078125,-0.0191650390625,0.65972900390625,1432989310848.445,Drive
0.6375885009765625,0.040069580078125,0.7071380615234375,1432989310947.574,Drive
0.7059326171875,0.01104736328125,0.6392669677734375,1432989311047.745,Drive
0.6806793212890625,0.0151214599609375,0.796234130859375,1432989311147.596,Drive
0.7046356201171875,-0.0177764892578125,0.7137298583984375,1432989311258.994,Drive
0.6810760498046875,0.0065765380859375,0.6143035888671875,1432989311359.436,Drive
0.570648193359375,0.037078857421875,0.5442657470703125,1432989311458.691,Drive
0.6408843994140625,-0.0590972900390625,0.8338470458984375,1432989311557.564,Drive
0.67724609375,0.044952392578125,0.7118682861328125,1432989311658.024,Drive
0.687103271484375,0.0003509521484375,0.7690277099609375,1432989311769.448,Drive
0.785186767578125,-0.0253448486328125,0.808441162109375,1432989311869.888,Drive
0.6245574951171875,-0.022186279296875,0.75897216796875,1432989311969.599,Drive
0.706268310546875,-0.0146026611328125,0.6530914306640625,1432989312070.689,Drive
0.6258392333984375,0.0012969970703125,0.53485107421875,1432989312169.583,Drive
0.748687744140625,-0.0040435791015625,0.66180419921875,1432989312270.035,Drive
0.69384765625,0.047454833984375,0.619293212890625,1432989312370.404,Drive
0.7083587646484375,-0.0272674560546875,0.82342529296875,1432989312481.858,Drive
0.6136627197265625,-0.023345947265625,0.6178436279296875,1432989312582.233,Drive
0.5959625244140625,0.0364532470703125,0.5399322509765625,1432989312682.615,Drive
0.652099609375,0.017333984375,0.6654815673828125,1432989312782.089,Drive
0.598419189453125,0.0131378173828125,0.6975860595703125,1432989312881.743,Drive
0.5791473388671875,0.030517578125,0.5757904052734375,1432989312982.531,Drive
0.7752227783203125,-0.009429931640625,0.5635833740234375,1432989313082.924,Drive
0.777679443359375,-0.0666351318359375,0.77423095703125,1432989313187.227,Drive
0.73980712890625,0.00567626953125,0.65765380859375,1432989313295.481,Drive
0.7173309326171875,0.0514678955078125,0.5963134765625,1432989313396.274,Drive
0.6640777587890625,0.017730712890625,0.6393280029296875,1432989313498.517,Drive
0.7639617919921875,0.0306396484375,0.6267547607421875,1432989313607.579,Drive
0.724151611328125,0.0670013427734375,0.73138427734375,1432989313707.365,Drive
0.83941650390625,0.024078369140625,0.9043121337890625,1432989313807.354,Drive
0.7919769287109375,-0.0432281494140625,0.758758544921875,1432989313918.257,Drive
0.668853759765625,-0.087249755859375,0.570404052734375,1432989314018.488,Drive
0.6709442138671875,0.03271484375,0.52789306640625,1432989314118.776,Drive
0.62652587890625,-0.0454864501953125,0.633880615234375,1432989314219.948,Drive
0.7168731689453125,0.06219482421875,0.6168060302734375,1432989314319.553,Drive
0.720458984375,0.0434112548828125,0.7529449462890625,1432989314420.602,Drive
0.739044189453125,0.0267486572265625,0.84930419921875,1432989314520.882,Drive
0.7044219970703125,0.033843994140625,0.81036376953125,1432989314632.011,Drive
0.7306060791015625,0.010162353515625,0.6075286865234375,1432989314731.82,Drive
0.723785400390625,0.051483154296875,0.706024169921875,1432989314831.527,Drive
0.67120361328125,0.0483551025390625,0.5630340576171875,1432989314942.407,Drive
0.6951751708984375,-0.040496826171875,0.8104705810546875,1432989315042.296,Drive
0.748046875,0.0424652099609375,0.7212677001953125,1432989315142.53,Drive
0.7011260986328125,-0.0321197509765625,0.7058868408203125,1432989315242.877,Drive
0.686859130859375,-0.0631103515625,0.7291717529296875,1432989315407.615,Drive
0.71368408203125,0.0145416259765625,0.7176971435546875,1432989315508.372,Drive
0.748077392578125,0.0452728271484375,0.7144012451171875,1432989315596.322,Drive
0.696319580078125,-0.001953125,0.6537933349609375,1432989315707.467,Drive
0.6661529541015625,0.049285888671875,0.739013671875,1432989315819.048,Drive
0.6512603759765625,-0.0042572021484375,0.608795166015625,1432989315930.466,Drive
0.675201416015625,0.03125,0.5807952880859375,1432989316030.364,Drive
0.66961669921875,0.0722808837890625,0.6558380126953125,1432989316130.86,Drive
0.67681884765625,0.059417724609375,0.7235565185546875,1432989316231.423,Drive
0.652130126953125,0.027801513671875,0.566619873046875,1432989316330.986,Drive
0.7515716552734375,-0.0039215087890625,0.583587646484375,1432989316431.266,Drive
0.736785888671875,-0.0092010498046875,0.691864013671875,1432989316531.392,Drive
0.67071533203125,0.04754638671875,0.7665252685546875,1432989316642.9,Drive
0.7819061279296875,0.0211029052734375,0.76611328125,1432989316743.398,Drive
0.7205963134765625,0.0037689208984375,0.8049774169921875,1432989316844.623,Drive
0.720123291015625,-0.0237274169921875,0.727783203125,1432989316944.383,Drive
0.707489013671875,0.011505126953125,0.59136962890625,1432989317044.177,Drive
0.7069091796875,0.0195159912109375,0.6275177001953125,1432989317144.641,Drive
0.6051025390625,-0.0150146484375,0.6685028076171875,1432989317245.054,Drive
0.7136077880859375,0.036224365234375,0.688262939453125,1432989317356.27,Drive
0.7978515625,0.0025177001953125,0.7606658935546875,1432989317455.942,Drive
0.7210235595703125,0.0606842041015625,0.7597198486328125,1432989317557.052,Drive
0.732574462890625,0.028656005859375,0.73858642578125,1432989317657.587,Drive
0.8154144287109375,0.0276031494140625,0.6327667236328125,1432989317756.914,Drive
0.6822052001953125,0.0042877197265625,0.7679290771484375,1432989317858.056,Drive
0.6533966064453125,-0.062652587890625,0.605194091796875,1432989317971.126,Drive
0.7087554931640625,0.02142333984375,0.6314697265625,1432989318067.607,Drive
0.6236572265625,-0.0285491943359375,0.6014556884765625,1432989318182.469,Drive
0.6713409423828125,-0.013824462890625,0.6503753662109375,1432989318278.191,Drive
0.6933441162109375,-0.00384521484375,0.743743896484375,1432989318389.564,Drive
0.6026763916015625,0.044586181640625,0.69659423828125,1432989318488.694,Drive
0.616424560546875,0.005828857421875,0.5825653076171875,1432989318588.914,Drive
0.6229095458984375,-0.0258636474609375,0.5779571533203125,1432989318689.382,Drive
0.7996673583984375,0.052459716796875,0.6920013427734375,1432989318789.422,Drive
0.7301177978515625,0.077117919921875,0.7031097412109375,1432989318889.562,Drive
0.7548828125,-0.045989990234375,0.778533935546875,1432989318989.393,Drive
0.6749725341796875,0.04351806640625,0.660003662109375,1432989319133.875,Drive
0.753509521484375,-0.0503387451171875,0.818634033203125,1432989319235.303,Drive
0.584869384765625,0.0537109375,0.7078857421875,1432989319335.249,Drive
0.64923095703125,0.0071258544921875,0.59698486328125,1432989319434.76,Drive
0.692962646484375,0.0322113037109375,0.7171783447265625,1432989319534.771,Drive
0.6150054931640625,-0.0059814453125,0.6393280029296875,1432989319646.329,Drive
0.648406982421875,0.0472259521484375,0.683868408203125,1432989319780.654,Drive
0.664154052734375,0.0666046142578125,0.5549774169921875,1432989319888.266,Drive
0.79986572265625,0.0053863525390625,0.6687164306640625,1432989320032.875,Drive
0.80975341796875,0.0086517333984375,0.731536865234375,1432989320142.074,Drive
0.7508087158203125,-0.0109405517578125,0.7381744384765625,1432989320242.291,Drive
0.56964111328125,0.034027099609375,0.7144927978515625,1432989320340.644,Drive
0.629119873046875,-0.0151824951171875,0.6103363037109375,1432989320450.329,Drive
0.6616363525390625,0.0360565185546875,0.64996337890625,1432989320549.412,Drive
0.82928466796875,-0.0161590576171875,0.68121337890625,1432989320650.812,Drive
0.6059112548828125,-0.010040283203125,0.594146728515625,1432989320760.781,Drive
0.736663818359375,0.0661773681640625,0.58197021484375,1432989320861.895,Drive
0.7773590087890625,0.0115509033203125,0.754302978515625,1432989320960.326,Drive
0.7138671875,-0.0776824951171875,0.766998291015625,1432989321085.277,Drive
0.704254150390625,-0.0265960693359375,0.5973358154296875,1432989321180.073,Drive
0.6859893798828125,0.050384521484375,0.7012939453125,1432989321280.553,Drive
0.7585296630859375,-0.0250396728515625,0.684600830078125,1432989321381.178,Drive
0.7500762939453125,-0.0020294189453125,0.865325927734375,1432989321491.445,Drive
0.7129364013671875,0.0059051513671875,0.7128143310546875,1432989321596.689,Drive
0.676910400390625,0.0266876220703125,0.6063079833984375,1432989321691.484,Drive
0.6471099853515625,0.008148193359375,0.69281005859375,1432989321802.293,Drive
0.6307220458984375,0.005584716796875,0.6865997314453125,1432989321902.715,Drive
0.6906280517578125,0.0466766357421875,0.7248992919921875,1432989322001.756,Drive
0.7471466064453125,0.07537841796875,0.664337158203125,1432989322106.501,Drive
0.69122314453125,-0.0026092529296875,0.674224853515625,1432989322202.05,Drive
0.679168701171875,-0.047943115234375,0.6995849609375,1432989322313.072,Drive
0.620635986328125,0.0232086181640625,0.6090087890625,1432989322412.03,Drive
0.613800048828125,0.053375244140625,0.644927978515625,1432989322512.142,Drive
0.67138671875,0.0152587890625,0.600341796875,1432989322621.227,Drive
0.7635650634765625,0.0259857177734375,0.8292999267578125,1432989322721.368,Drive
0.6206512451171875,0.0166015625,0.6188201904296875,1432989322823.93,Drive
0.3515777587890625,0.00006103515625,0.1698760986328125,1432989322921.372,Drive
0.489898681640625,-0.2345733642578125,0.3460235595703125,1432989323021.778,Drive
0.5704345703125,-0.006256103515625,0.7939300537109375,1432989323133.415,Drive
0.6783599853515625,-0.01873779296875,0.5595703125,1432989323231.005,Drive
0.708099365234375,0.0020904541015625,0.7978515625,1432989323330.54,Drive
0.6563568115234375,-0.011260986328125,0.6813507080078125,1432989323441.367,Drive
0.690032958984375,-0.014739990234375,0.792633056640625,1432989323541.627,Drive
0.7205657958984375,0.0069122314453125,0.6415557861328125,1432989323641.714,Drive
0.788970947265625,-0.135009765625,0.7502899169921875,1432989323740.132,Drive
0.76220703125,0.04638671875,0.6677398681640625,1432989323841.065,Drive
0.795623779296875,0.006439208984375,0.85943603515625,1432989323941.153,Drive
0.7290496826171875,0.0538177490234375,0.6669921875,1432989324050.43,Drive
0.736114501953125,-0.0833282470703125,0.54248046875,1432989324149.462,Drive
0.8228607177734375,-0.0269775390625,0.826873779296875,1432989324251.423,Drive
0.72467041015625,-0.0375518798828125,0.694671630859375,1432989324350.386,Drive
0.7935333251953125,-0.001434326171875,0.6431732177734375,1432989324451.318,Drive
0.6583404541015625,0.0132293701171875,0.558013916015625,1432989324562.074,Drive
0.8431243896484375,-0.0478973388671875,0.7902374267578125,1432989324727.906,Drive
0.771087646484375,-0.032806396484375,0.7015228271484375,1432989324826.557,Drive
0.5676727294921875,0.0322113037109375,0.7193603515625,1432989324926.875,Drive
0.65509033203125,-0.00897216796875,0.6226043701171875,1432989325037.838,Drive
0.65655517578125,-0.028228759765625,0.6119537353515625,1432989325136.108,Drive
0.755340576171875,0.0379791259765625,0.7674102783203125,1432989325245.794,Drive
0.6515045166015625,0.0433807373046875,0.5939483642578125,1432989325357.298,Drive
0.745758056640625,0.0430755615234375,0.5871734619140625,1432989325457.187,Drive
0.588348388671875,-0.018035888671875,0.614349365234375,1432989325558.699,Drive
0.8162994384765625,-0.0464935302734375,0.6790924072265625,1432989325669.159,Drive
0.737701416015625,0.0115203857421875,0.6624603271484375,1432989325769.056,Drive
0.701751708984375,0.03790283203125,0.5422210693359375,1432989325868.786,Drive
0.7464752197265625,-0.0431365966796875,0.6658172607421875,1432989325968.504,Drive
0.7686920166015625,-0.0742950439453125,0.5637054443359375,1432989326078.693,Drive
0.7534332275390625,0.02227783203125,0.628509521484375,1432989326177.585,Drive
0.8558197021484375,-0.0294189453125,0.7542266845703125,1432989326354.94,Drive
0.5804290771484375,0.0311737060546875,0.5493927001953125,1432989326489.516,Drive
0.75665283203125,0.0135040283203125,0.61883544921875,1432989326599.607,Drive
0.8902130126953125,0.0125732421875,0.7332611083984375,1432989326694.03,Drive
0.76971435546875,0.0304412841796875,0.714935302734375,1432989326838.727,Drive
0.6707000732421875,-0.0159759521484375,0.62493896484375,1432989326947.327,Drive
0.730010986328125,0.0247802734375,0.633880615234375,1432989327047.76,Drive
0.869171142578125,0.037109375,0.7493438720703125,1432989327148.278,Drive
0.65631103515625,-0.014984130859375,0.691162109375,1432989327247.369,Drive
0.7088775634765625,-0.0349884033203125,0.6297607421875,1432989327347.344,Drive
0.61834716796875,-0.01873779296875,0.7060089111328125,1432989327447.779,Drive
0.775482177734375,0.0615692138671875,0.589691162109375,1432989327548.222,Drive
0.7122344970703125,0.0610504150390625,0.6822509765625,1432989327659.516,Drive
0.74847412109375,0.0345611572265625,0.69781494140625,1432989327759.718,Drive
0.7248077392578125,0.0393218994140625,0.64056396484375,1432989327860.11,Drive
0.740753173828125,0.029205322265625,0.6223297119140625,1432989327959.604,Drive
0.779296875,0.04052734375,0.789459228515625,1432989328071.114,Drive
0.882720947265625,0.04705810546875,0.818084716796875,1432989328171.747,Drive
0.8976593017578125,0.082977294921875,0.8104248046875,1432989328281.354,Drive
0.75616455078125,0.0118865966796875,0.7401580810546875,1432989328379.294,Drive
0.6286163330078125,0.0235137939453125,0.75201416015625,1432989328479.258,Drive
0.377777099609375,0.074066162109375,0.457763671875,1432989328587.509,Drive
0.8045654296875,0.05230712890625,0.688201904296875,1432989328687.049,Drive
0.83245849609375,0.007965087890625,0.6195220947265625,1432989328796.639,Drive
0.840606689453125,0.0625762939453125,0.7437286376953125,1432989328896.367,Drive
0.68548583984375,-0.034210205078125,0.5568389892578125,1432989328994.618,Drive
0.56048583984375,0.0538330078125,0.475494384765625,1432989329094.791,Drive
0.8808441162109375,0.000274658203125,0.726287841796875,1432989329227.516,Drive
0.8071441650390625,0.04608154296875,0.645233154296875,1432989329328.577,Drive
0.802978515625,0.0603790283203125,0.727264404296875,1432989329429.307,Drive
0.6227569580078125,0.113861083984375,0.69085693359375,1432989329529.807,Drive
0.597412109375,0.0556488037109375,0.549652099609375,1432989329630.156,Drive
0.5752410888671875,0.010986328125,0.527862548828125,1432989329735.88,Drive
0.6761932373046875,0.049072265625,0.5494384765625,1432989329830.193,Drive
0.7700042724609375,0.0546417236328125,0.6522369384765625,1432989329940.142,Drive
0.8004302978515625,0.0498199462890625,0.7145233154296875,1432989330040.711,Drive
0.8103790283203125,0.068206787109375,0.6647796630859375,1432989330141.303,Drive
0.8056488037109375,0.02099609375,0.809661865234375,1432989330244.967,Drive
0.68646240234375,0.0405731201171875,0.677886962890625,1432989330351.25,Drive
0.5985107421875,0.071380615234375,0.5956268310546875,1432989330452.233,Drive
0.5694580078125,0.0205078125,0.50909423828125,1432989330550.349,Drive
0.7934722900390625,-0.0269012451171875,0.768524169921875,1432989330659.467,Drive
0.7534942626953125,0.0821685791015625,0.6889190673828125,1432989330757.078,Drive
0.881256103515625,0.0252227783203125,0.7340087890625,1432989330868.133,Drive
0.74078369140625,0.0646514892578125,0.7239532470703125,1432989330967.238,Drive
0.63677978515625,0.111175537109375,0.742034912109375,1432989331067.511,Drive
0.587738037109375,0.029632568359375,0.50848388671875,1432989331166.201,Drive
0.6241607666015625,0.0113372802734375,0.5768280029296875,1432989331276.562,Drive
0.7585601806640625,0.071533203125,0.6890869140625,1432989331376.896,Drive
0.781646728515625,0.0279083251953125,0.7768402099609375,1432989331477.726,Drive
0.8138885498046875,0.06292724609375,0.623779296875,1432989331577.66,Drive
0.7845458984375,0.0355224609375,0.684906005859375,1432989331678.021,Drive
0.733001708984375,0.0659332275390625,0.6435394287109375,1432989331788.201,Drive
0.8675079345703125,0.08587646484375,0.6493072509765625,1432989331887.74,Drive
0.68756103515625,0.0723114013671875,0.6983184814453125,1432989331987.799,Drive
0.686431884765625,0.024749755859375,0.625091552734375,1432989332087.165,Drive
0.6150970458984375,0.011016845703125,0.5247955322265625,1432989332198.179,Drive
0.7993927001953125,0.0498809814453125,0.7194061279296875,1432989332298.365,Drive
0.866546630859375,0.0716094970703125,0.7520751953125,1432989332398.886,Drive
0.6547088623046875,0.1182098388671875,0.5310821533203125,1432989332499.288,Drive
0.391204833984375,-0.1118011474609375,0.4461212158203125,1432989332554.366,Drive
0.7710723876953125,0.0584564208984375,0.5573272705078125,1432989332798.107,Drive
0.880584716796875,0.0776519775390625,0.62420654296875,1432989332892.078,Drive
0.5930023193359375,0.03924560546875,0.6210479736328125,1432989333004.192,Drive
0.832183837890625,0.0576324462890625,0.804229736328125,1432989333104.349,Drive
0.520782470703125,0.0995330810546875,0.5556488037109375,1432989333215.569,Drive
0.8489990234375,0.112548828125,0.6928253173828125,1432989333312.945,Drive
0.66552734375,0.16259765625,0.69061279296875,1432989333414.134,Drive
0.72149658203125,0.1024627685546875,0.733154296875,1432989333514.723,Drive
0.8646392822265625,0.089385986328125,0.802825927734375,1432989333614.953,Drive
0.759735107421875,0.1115264892578125,0.7691650390625,1432989333725.675,Drive
0.758270263671875,0.0963897705078125,0.5921173095703125,1432989333826.024,Drive
0.7484588623046875,0.049652099609375,0.67523193359375,1432989333926.804,Drive
0.581329345703125,0.02288818359375,0.487823486328125,1432989334026.031,Drive
0.7204437255859375,0.1101226806640625,0.73016357421875,1432989334126.254,Drive
0.70941162109375,0.08929443359375,0.631195068359375,1432989334237.151,Drive
0.82147216796875,0.0498809814453125,0.5799713134765625,1432989334336.017,Drive
0.8356170654296875,0.040496826171875,0.628265380859375,1432989334436.437,Drive
0.681854248046875,0.027587890625,0.5173797607421875,1432989334536.925,Drive
0.850433349609375,0.02313232421875,0.5543060302734375,1432989334645.494,Drive
0.8917083740234375,0.13592529296875,0.7386474609375,1432989334743.839,Drive
0.925537109375,0.080963134765625,0.675048828125,1432989334788.809,Drive
0.8000030517578125,0.071807861328125,0.71441650390625,1432989334963.349,Drive
0.793914794921875,-0.0028228759765625,0.6940765380859375,1432989335116.908,Drive
0.7465972900390625,0.0298614501953125,0.7007293701171875,1432989335227.835,Drive
0.7028656005859375,0.0705413818359375,0.557769775390625,1432989335330.758,Drive
0.7372589111328125,0.0506134033203125,0.5566253662109375,1432989335428.038,Drive
0.77496337890625,0.08819580078125,0.6707763671875,1432989335529.177,Drive
0.814605712890625,0.098876953125,0.58746337890625,1432989335629.688,Drive
0.837310791015625,0.1260223388671875,0.674896240234375,1432989335731.511,Drive
1.011871337890625,0.079742431640625,0.8451995849609375,1432989335836.778,Drive
0.898895263671875,0.04791259765625,0.8438568115234375,1432989335933.195,Drive
0.4962615966796875,0.0875244140625,0.3526458740234375,1432989336043.046,Drive
1.1854248046875,0.2647857666015625,0.8129425048828125,1432989336142.042,Drive
0.61669921875,0.07952880859375,0.68597412109375,1432989336243.232,Drive
0.608154296875,0.141357421875,0.7315216064453125,1432989336351.865,Drive
0.723236083984375,0.1485748291015625,0.7584381103515625,1432989336452.682,Drive
0.9680938720703125,0.1628265380859375,0.6384429931640625,1432989336554.264,Drive
0.899505615234375,0.0894622802734375,0.889678955078125,1432989336663.898,Drive
0.811279296875,0.0437774658203125,0.7099151611328125,1432989336762.619,Drive
0.64599609375,0.0721435546875,0.6837005615234375,1432989336871.786,Drive
0.6929473876953125,0.1093902587890625,0.5955352783203125,1432989336970.514,Drive
0.6936798095703125,0.15203857421875,0.4662322998046875,1432989337077.485,Drive
0.7544403076171875,0.03741455078125,0.5198822021484375,1432989337176.665,Drive
0.7623291015625,0.122344970703125,0.616546630859375,1432989337277.734,Drive
0.7480010986328125,0.0839080810546875,0.6594390869140625,1432989337387.886,Drive
0.717315673828125,0.110504150390625,0.6664886474609375,1432989337487.916,Drive
0.8620452880859375,0.02545166015625,0.714996337890625,1432989337590.893,Drive
0.7019805908203125,0.0767974853515625,0.703460693359375,1432989337688.96,Drive
0.7358551025390625,0.047088623046875,0.6789093017578125,1432989337789.258,Drive
0.8677978515625,0.1033477783203125,0.6775970458984375,1432989337899.579,Drive
0.7170562744140625,0.1173095703125,0.677215576171875,1432989338082.97,Drive
0.686004638671875,0.1435394287109375,0.5522003173828125,1432989338265.015,Drive
0.7606201171875,0.0533905029296875,0.78900146484375,1432989338378.181,Drive
0.6937713623046875,0.0604095458984375,0.7650146484375,1432989338483.165,Drive
0.769439697265625,0.0766448974609375,0.7450408935546875,1432989338582.908,Drive
0.5911865234375,0.0861053466796875,0.6159210205078125,1432989338690.267,Drive
0.69512939453125,0.0843658447265625,0.77471923828125,1432989338789.01,Drive
0.6002044677734375,0.07989501953125,0.68463134765625,1432989338889.798,Drive
0.713592529296875,0.085174560546875,0.61175537109375,1432989338998.293,Drive
0.8035125732421875,0.1132965087890625,0.76031494140625,1432989339105.314,Drive
0.722076416015625,0.0596466064453125,0.7538909912109375,1432989339205.013,Drive
0.661895751953125,0.0678558349609375,0.578399658203125,1432989339307.049,Drive
0.7449493408203125,0.1121826171875,0.7062225341796875,1432989339406.151,Drive
0.6995697021484375,0.39697265625,0.8762359619140625,1432989339535.783,Drive
1.01434326171875,0.05169677734375,1.006805419921875,1432989339634.549,Drive
0.4027557373046875,0.019439697265625,0.40570068359375,1432989339734.845,Drive
0.5765380859375,-0.0078125,0.369476318359375,1432989339834.376,Drive
0.7907867431640625,0.0443115234375,0.71728515625,1432989339934.665,Drive
0.784698486328125,0.13861083984375,0.6678314208984375,1432989340045.563,Drive
0.8673095703125,0.1141204833984375,0.7010345458984375,1432989340144.473,Drive
0.9095458984375,0.1266326904296875,0.8036346435546875,1432989340243.657,Drive
0.8950958251953125,0.08746337890625,0.7741546630859375,1432989340353.774,Drive
0.702056884765625,0.1247100830078125,0.6201324462890625,1432989340454.148,Drive
0.6137847900390625,0.08831787109375,0.5088043212890625,1432989340553.873,Drive
0.66351318359375,0.1355438232421875,0.65936279296875,1432989340664.392,Drive
0.58331298828125,0.1373138427734375,0.461944580078125,1432989340762.062,Drive
0.6735382080078125,0.1634521484375,0.5078277587890625,1432989340872.547,Drive
0.789398193359375,0.113372802734375,0.640655517578125,1432989340969.805,Drive
0.7003936767578125,0.1601409912109375,0.62091064453125,1432989341080.352,Drive
0.8609161376953125,0.1871795654296875,0.631134033203125,1432989341180.235,Drive
0.7941436767578125,0.18365478515625,0.69915771484375,1432989341278.347,Drive
0.67779541015625,0.1373291015625,0.6782379150390625,1432989341387.459,Drive
0.87152099609375,0.2460174560546875,0.7064361572265625,1432989341498.737,Drive
0.71173095703125,0.151397705078125,0.821746826171875,1432989341596.836,Drive
0.8101348876953125,0.0243377685546875,0.67474365234375,1432989341705.762,Drive
0.691253662109375,0.05291748046875,0.5849609375,1432989341805.132,Drive
0.7715301513671875,0.040985107421875,0.6268768310546875,1432989341905.843,Drive
0.61370849609375,0.0629730224609375,0.555877685546875,1432989342006.78,Drive
0.7869110107421875,0.079071044921875,0.74053955078125,1432989342106.202,Drive
0.7245941162109375,0.149169921875,0.726165771484375,1432989342216.662,Drive
0.8503875732421875,0.044403076171875,0.766510009765625,1432989342315.271,Drive
0.6850433349609375,0.0524139404296875,0.61614990234375,1432989342413.445,Drive
0.6285552978515625,0.0398712158203125,0.570953369140625,1432989342525.169,Drive
0.6849517822265625,0.0600128173828125,0.6121978759765625,1432989342625.739,Drive
0.7816925048828125,0.0413360595703125,0.58990478515625,1432989342725.101,Drive
0.7351226806640625,0.1435699462890625,0.666748046875,1432989342833.755,Drive
0.836395263671875,0.0084991455078125,0.7761383056640625,1432989342955.536,Drive
0.794342041015625,0.06549072265625,0.5489959716796875,1432989343053.184,Drive
0.6378326416015625,0.037322998046875,0.530059814453125,1432989343153.097,Drive
0.6478118896484375,0.02825927734375,0.60272216796875,1432989343262.089,Drive
0.6907196044921875,0.026336669921875,0.5087738037109375,1432989343361.236,Drive
0.7653961181640625,0.04876708984375,0.72161865234375,1432989343467.12,Drive
0.771881103515625,0.01983642578125,0.7120819091796875,1432989343568.516,Drive
0.757843017578125,-0.0691986083984375,0.5702972412109375,1432989343666.794,Drive
0.7132568359375,0.015960693359375,0.66876220703125,1432989343777.623,Drive
0.6721038818359375,-0.0069580078125,0.5760040283203125,1432989343878.412,Drive
0.7163238525390625,-0.0328369140625,0.5731658935546875,1432989343978.305,Drive
0.768463134765625,0.000732421875,0.705230712890625,1432989344077.38,Drive
0.6894683837890625,0.069580078125,0.6240081787109375,1432989344178.444,Drive
0.7140045166015625,0.05096435546875,0.6324310302734375,1432989344309.851,Drive
0.8867340087890625,0.043243408203125,0.7330474853515625,1432989344409.521,Drive
0.8175506591796875,0.063018798828125,0.6405181884765625,1432989344517.962,Drive
0.6749267578125,0.060638427734375,0.55621337890625,1432989344618.003,Drive
0.7381744384765625,0.0437774658203125,0.7337646484375,1432989344718.91,Drive
0.8212127685546875,0.0940399169921875,0.691314697265625,1432989344831.096,Drive
0.6998748779296875,0.0245819091796875,0.6390838623046875,1432989344937.421,Drive
0.699615478515625,0.0276031494140625,0.65570068359375,1432989345037.446,Drive
0.735443115234375,0.0727081298828125,0.753143310546875,1432989345147.171,Drive
0.674285888671875,0.0329742431640625,0.6541595458984375,1432989345245.044,Drive
0.77325439453125,0.0025787353515625,0.7092742919921875,1432989345344.653,Drive
0.7729644775390625,0.026336669921875,0.6954498291015625,1432989345454.515,Drive
0.7081756591796875,0.0077972412109375,0.7009735107421875,1432989345541.496,Drive
0.8060455322265625,-0.0230865478515625,0.6063690185546875,1432989345785.721,Drive
0.7683868408203125,-0.0487518310546875,0.6301116943359375,1432989345881.662,Drive
0.61456298828125,-0.0513916015625,0.5886383056640625,1432989345981.463,Drive
0.7972412109375,0.000213623046875,0.8154296875,1432989346092.159,Drive
0.732574462890625,0.01641845703125,0.757232666015625,1432989346192.576,Drive
0.7400054931640625,0.0336151123046875,0.678070068359375,1432989346301.925,Drive
0.726715087890625,-0.016693115234375,0.4911346435546875,1432989346401.311,Drive
0.735687255859375,-0.0220794677734375,0.64105224609375,1432989346510.382,Drive
0.7950897216796875,-0.0057220458984375,0.6002044677734375,1432989346610.373,Drive
0.79229736328125,0.00445556640625,0.655853271484375,1432989346711.113,Drive
0.79864501953125,-0.0467681884765625,0.6121673583984375,1432989346811.978,Drive
0.69573974609375,-0.45220947265625,0.3719635009765625,1432989346911.657,Drive
0.74285888671875,-0.150390625,0.73370361328125,1432989347022.376,Drive
0.91387939453125,-0.02838134765625,0.609710693359375,1432989347118.884,Drive
0.7302093505859375,-0.0456390380859375,0.5695953369140625,1432989347229.931,Drive
0.6744537353515625,-0.0244140625,0.650482177734375,1432989347327.827,Drive
0.808563232421875,-0.006988525390625,0.69342041015625,1432989347427.436,Drive
0.7833709716796875,-0.0532379150390625,0.6001434326171875,1432989347526.722,Drive
0.7991943359375,-0.07452392578125,0.6113128662109375,1432989347635.92,Drive
0.911346435546875,-0.0447845458984375,0.68310546875,1432989347732.913,Drive
0.7588958740234375,-0.0526275634765625,0.6984100341796875,1432989347843.341,Drive
0.7887115478515625,-0.06329345703125,0.6580047607421875,1432989347942.03,Drive
0.7705535888671875,0.0110321044921875,0.594696044921875,1432989348051.815,Drive
0.71429443359375,0.01885986328125,0.578765869140625,1432989348151.325,Drive
0.82647705078125,0.0214080810546875,0.61151123046875,1432989348250.981,Drive
0.8604278564453125,0.0045318603515625,0.721893310546875,1432989348351.834,Drive
0.8826751708984375,-0.06817626953125,0.763763427734375,1432989348461.871,Drive
0.9808197021484375,-0.0282440185546875,0.7745361328125,1432989348560.914,Drive
0.9091339111328125,-0.282012939453125,0.7623138427734375,1432989348661.101,Drive
0.7547607421875,-0.0249176025390625,0.5935211181640625,1432989348760.724,Drive
0.6650848388671875,-0.01226806640625,0.6022796630859375,1432989348860.786,Drive
0.7692718505859375,-0.0429229736328125,0.5469512939453125,1432989348972.579,Drive
0.900604248046875,0.0014495849609375,0.6963653564453125,1432989349071.501,Drive
0.871826171875,-0.0235748291015625,0.70758056640625,1432989349181.304,Drive
0.814117431640625,-0.0293121337890625,0.669189453125,1432989349279.016,Drive
0.7629852294921875,0.045867919921875,0.52392578125,1432989349388.345,Drive
0.589813232421875,-0.0266571044921875,0.42559814453125,1432989349488.152,Drive
0.9385986328125,-0.029449462890625,0.654266357421875,1432989349646.443,Drive
0.837860107421875,0.0307769775390625,0.618560791015625,1432989349749.617,Drive
0.9456024169921875,0.0103607177734375,0.734466552734375,1432989349880.617,Drive
0.8045654296875,0.014984130859375,0.58758544921875,1432989349980.727,Drive
0.658538818359375,0.0083465576171875,0.549224853515625,1432989350080.471,Drive
0.7604217529296875,0.035003662109375,0.673614501953125,1432989350189.64,Drive
0.707977294921875,-0.0528717041015625,0.654266357421875,1432989350290.467,Drive
0.851898193359375,-0.0302276611328125,0.760009765625,1432989350389.879,Drive
0.9851531982421875,0.037628173828125,0.8741455078125,1432989350500.371,Drive
0.841033935546875,-0.004608154296875,0.814453125,1432989350598.768,Drive
0.8525390625,-0.0252685546875,0.779571533203125,1432989350707.996,Drive
0.811187744140625,0.0185699462890625,0.6757659912109375,1432989350830.128,Drive
0.57867431640625,-0.0517425537109375,0.6651611328125,1432989350929.55,Drive
0.685638427734375,-0.0354461669921875,0.626312255859375,1432989351029.979,Drive
0.905975341796875,0.0421600341796875,0.668914794921875,1432989351143.105,Drive
0.7720794677734375,0.02813720703125,0.6837005615234375,1432989351241.575,Drive
0.7481842041015625,0.048797607421875,0.7819061279296875,1432989351340.664,Drive
0.7592315673828125,0.0426025390625,0.7606353759765625,1432989351438.961,Drive
0.79132080078125,0.0165863037109375,0.7174072265625,1432989351547.047,Drive
0.7470703125,0.0435791015625,0.639068603515625,1432989351647.226,Drive
0.7711029052734375,0.0029144287109375,0.6436614990234375,1432989351756.435,Drive
0.7398681640625,0.0638275146484375,0.6397857666015625,1432989351853.881,Drive
0.7382354736328125,0.0418243408203125,0.7318115234375,1432989351963.985,Drive
0.6467132568359375,0.0611724853515625,0.640716552734375,1432989352062.346,Drive
0.7841949462890625,0.019805908203125,0.73876953125,1432989352160.565,Drive
0.6000213623046875,0.0211944580078125,0.5508575439453125,1432989352271.794,Drive
0.6092987060546875,-0.0078277587890625,0.63336181640625,1432989352372.869,Drive
0.817169189453125,-0.0362396240234375,0.7514495849609375,1432989352473.8,Drive
0.86138916015625,-0.00665283203125,0.65936279296875,1432989352572.44,Drive
0.662139892578125,-0.037567138671875,0.6453704833984375,1432989352683.382,Drive
0.75469970703125,-0.042755126953125,0.625885009765625,1432989352791.815,Drive
0.5094451904296875,0.0151214599609375,0.5029296875,1432989352891.399,Drive
0.8018035888671875,0.00360107421875,0.59246826171875,1432989352991.261,Drive
0.7772064208984375,0.0135650634765625,0.7650604248046875,1432989353104.819,Drive
0.832183837890625,0.02593994140625,0.6947784423828125,1432989353201.673,Drive
0.83282470703125,0.031036376953125,0.63311767578125,1432989353300.539,Drive
0.8033294677734375,0.0345306396484375,0.819366455078125,1432989353411.213,Drive
0.8833465576171875,-0.10357666015625,0.764923095703125,1432989353511.044,Drive
0.7668914794921875,-0.02947998046875,0.6427154541015625,1432989353613.911,Drive
0.8380584716796875,-0.017333984375,0.6794281005859375,1432989353718.113,Drive
0.70855712890625,0.018768310546875,0.6520233154296875,1432989353817.281,Drive
0.8386077880859375,-0.01593017578125,0.6305084228515625,1432989353926.12,Drive
0.775848388671875,0.0330047607421875,0.6054840087890625,1432989354024.754,Drive
0.742828369140625,-0.042144775390625,0.563018798828125,1432989354125.399,Drive
0.7760467529296875,-0.052459716796875,0.56378173828125,1432989354232.025,Drive
0.727508544921875,0.007568359375,0.628021240234375,1432989354414.438,Drive
0.730224609375,0.03118896484375,0.6064605712890625,1432989354510.12,Drive
0.8002471923828125,-0.0052947998046875,0.65411376953125,1432989354630.859,Drive
0.785125732421875,-0.052154541015625,0.6158294677734375,1432989354731.696,Drive
0.7257537841796875,0.0872802734375,0.565032958984375,1432989354832.688,Drive
0.7279510498046875,-0.049102783203125,0.6008758544921875,1432989354939.983,Drive
0.69775390625,-0.008819580078125,0.544281005859375,1432989355040.298,Drive
0.7537841796875,-0.040740966796875,0.5387725830078125,1432989355137.48,Drive
0.9163818359375,-0.0186920166015625,0.6282958984375,1432989355247.127,Drive
0.8363037109375,-0.0240478515625,0.673553466796875,1432989355347.537,Drive
0.7389373779296875,-0.000946044921875,0.66058349609375,1432989355448.275,Drive
0.6617279052734375,-0.009002685546875,0.6334991455078125,1432989355549.18,Drive
0.663360595703125,-0.0030364990234375,0.5689544677734375,1432989355658.138,Drive
0.8291778564453125,-0.004974365234375,0.7525787353515625,1432989355756.947,Drive
0.8114013671875,-0.087615966796875,0.666412353515625,1432989355865.241,Drive
0.7159423828125,-0.0684356689453125,0.7415924072265625,1432989355965.27,Drive
0.8338470458984375,-0.00494384765625,0.7663726806640625,1432989356063.991,Drive
0.8626708984375,-0.0304107666015625,0.671234130859375,1432989356174.048,Drive
0.680999755859375,-0.01104736328125,0.569366455078125,1432989356271.587,Drive
0.76251220703125,-0.0484466552734375,0.551727294921875,1432989356381.603,Drive
0.7100982666015625,0.032379150390625,0.583526611328125,1432989356482.268,Drive
0.672882080078125,-0.0527801513671875,0.58404541015625,1432989356581.836,Drive
0.8031463623046875,-0.029510498046875,0.5329742431640625,1432989356681.305,Drive
0.6881866455078125,-0.0370635986328125,0.659637451171875,1432989356782.594,Drive
0.72344970703125,0.0118560791015625,0.47528076171875,1432989356891.605,Drive
0.7255706787109375,0.0001068115234375,0.6407318115234375,1432989356990.481,Drive
0.7179718017578125,0.02740478515625,0.5817413330078125,1432989357090.423,Drive
0.752227783203125,0.004638671875,0.677490234375,1432989357200.776,Drive
0.7261962890625,-0.0090484619140625,0.6828460693359375,1432989357310.309,Drive
0.7674713134765625,0.02349853515625,0.5896759033203125,1432989357408.42,Drive
0.7257232666015625,0.001678466796875,0.703338623046875,1432989357508.897,Drive
0.7681884765625,-0.025054931640625,0.609466552734375,1432989357619.563,Drive
0.7090301513671875,-0.03228759765625,0.6121368408203125,1432989357720.403,Drive
0.69598388671875,0.0274810791015625,0.63507080078125,1432989357828.448,Drive
0.68505859375,-0.0731048583984375,0.493408203125,1432989357926.015,Drive
0.666717529296875,-0.0326080322265625,0.579925537109375,1432989358037.041,Drive
0.7307891845703125,-0.0481414794921875,0.6067962646484375,1432989358136.397,Drive
0.745941162109375,-0.1074676513671875,0.7306365966796875,1432989358244.34,Drive
0.77679443359375,-0.024505615234375,0.7798919677734375,1432989358344.434,Drive
0.839447021484375,-0.0545501708984375,0.7852783203125,1432989358453.499,Drive
0.7970428466796875,-0.0001220703125,0.590423583984375,1432989358553.948,Drive
0.729278564453125,0.020050048828125,0.541900634765625,1432989358664.465,Drive
0.5362548828125,0.0851287841796875,0.58441162109375,1432989358763.891,Drive
0.577880859375,-0.043365478515625,0.637725830078125,1432989358864.088,Drive
0.772552490234375,-0.0875396728515625,0.586334228515625,1432989358974.124,Drive
0.7865753173828125,-0.0602569580078125,0.6687164306640625,1432989359074.369,Drive
0.7772216796875,-0.0642547607421875,0.72625732421875,1432989359174.386,Drive
0.7650604248046875,-0.00604248046875,0.5946502685546875,1432989359274.111,Drive
0.7540283203125,-0.0919036865234375,0.6808624267578125,1432989359380.824,Drive
0.7069549560546875,0.0279388427734375,0.60986328125,1432989359481.174,Drive
0.7721710205078125,-0.0150299072265625,0.664306640625,1432989359580.416,Drive
0.715087890625,-0.004669189453125,0.7109527587890625,1432989359711.775,Drive
0.747161865234375,0.0135345458984375,0.6010284423828125,1432989359801.708,Drive
0.685882568359375,-0.0122528076171875,0.649688720703125,1432989359940.034,Drive
0.8082427978515625,-0.1155548095703125,0.7330169677734375,1432989360041.846,Drive
0.7642974853515625,-0.0511932373046875,0.569366455078125,1432989360139.361,Drive
0.9808807373046875,-0.00494384765625,0.8135833740234375,1432989360239.777,Drive
0.722991943359375,-0.0105743408203125,0.7101898193359375,1432989360350.198,Drive
0.8935394287109375,-0.1314849853515625,0.7691802978515625,1432989360448.156,Drive
0.6850738525390625,-0.0047149658203125,0.5449676513671875,1432989360549.049,Drive
0.6600799560546875,-0.0372772216796875,0.57489013671875,1432989360648.163,Drive
0.6963043212890625,0.0234375,0.6145477294921875,1432989360758.906,Drive
0.6845855712890625,0.0323944091796875,0.526214599609375,1432989360866.622,Drive
0.7743682861328125,-0.0756683349609375,0.8211517333984375,1432989360967.198,Drive
0.8540496826171875,0.02001953125,0.822479248046875,1432989361066.216,Drive
0.7154388427734375,-0.0717620849609375,0.7885589599609375,1432989361167.182,Drive
0.6715850830078125,-0.064727783203125,0.6290740966796875,1432989361268.193,Drive
0.7694244384765625,-0.0856781005859375,0.7633514404296875,1432989361376.542,Drive
0.73626708984375,0.0203857421875,0.6868438720703125,1432989361475.756,Drive
0.703521728515625,-0.086181640625,0.7541046142578125,1432989361574.493,Drive
0.6932373046875,-0.0572509765625,0.755706787109375,1432989361685.6,Drive
0.752166748046875,-0.045013427734375,0.679656982421875,1432989361787.767,Drive
0.6283111572265625,-0.012451171875,0.5946502685546875,1432989361893.726,Drive
0.6674346923828125,-0.0541839599609375,0.71697998046875,1432989361993.187,Drive
0.66790771484375,0.00653076171875,0.5797882080078125,1432989362090.828,Drive
0.8142242431640625,-0.02392578125,0.7337188720703125,1432989362201.636,Drive
0.7867889404296875,-0.0069580078125,0.64697265625,1432989362301.109,Drive
0.7340087890625,-0.0335540771484375,0.63812255859375,1432989362409.861,Drive
0.64056396484375,-0.040802001953125,0.749603271484375,1432989362509.51,Drive
0.5936431884765625,0.0396575927734375,0.5672607421875,1432989362609.215,Drive
0.71722412109375,-0.0472259521484375,0.7620697021484375,1432989362709.203,Drive
0.7315826416015625,-0.0434417724609375,0.693878173828125,1432989362820.611,Drive
0.790008544921875,-0.0234222412109375,0.7283172607421875,1432989362920.512,Drive
0.9584808349609375,-0.02386474609375,0.6859893798828125,1432989363029.68,Drive
0.887481689453125,0.0247344970703125,0.70086669921875,1432989363130.507,Drive
0.8011016845703125,-0.054107666015625,0.743377685546875,1432989363239.331,Drive
0.7710723876953125,-0.003631591796875,0.656402587890625,1432989363516.648,Drive
0.731903076171875,-0.039154052734375,0.740814208984375,1432989363613.175,Drive
0.73828125,0.002410888671875,0.70947265625,1432989363712.349,Drive
0.627593994140625,-0.0062255859375,0.643524169921875,1432989363811.778,Drive
0.6917572021484375,0.035369873046875,0.649627685546875,1432989363920.486,Drive
0.8170166015625,-0.0050811767578125,0.713165283203125,1432989364020.875,Drive
0.7823944091796875,0.0114288330078125,0.659515380859375,1432989364129.94,Drive
0.724945068359375,-0.005950927734375,0.7014007568359375,1432989364228.612,Drive
0.67529296875,0.0685272216796875,0.6745758056640625,1432989364328.287,Drive
0.76336669921875,-0.0373687744140625,0.705291748046875,1432989364437.62,Drive
0.72509765625,0.0062713623046875,0.5878448486328125,1432989364537.16,Drive
0.7562713623046875,0.0100555419921875,0.6540679931640625,1432989364636.427,Drive
0.6703033447265625,-0.0109405517578125,0.6503448486328125,1432989364747.682,Drive
0.54608154296875,-0.035980224609375,0.4462127685546875,1432989364847.368,Drive
0.4132232666015625,0.1087799072265625,0.281280517578125,1432989364936.508,Drive
0.7841644287109375,-0.0118408203125,0.6313018798828125,1432989365101.852,Drive
0.7843170166015625,0.045135498046875,0.6887664794921875,1432989365220.985,Drive
0.6416015625,-0.007965087890625,0.6917877197265625,1432989365331.18,Drive
0.67626953125,-0.022613525390625,0.73858642578125,1432989365441.331,Drive
0.8258819580078125,-0.0288848876953125,0.7398834228515625,1432989365540.906,Drive
0.800689697265625,-0.00579833984375,0.700103759765625,1432989365639.71,Drive
0.67999267578125,-0.022308349609375,0.588958740234375,1432989365750.147,Drive
0.7171478271484375,-0.06488037109375,0.7161407470703125,1432989365850.557,Drive
0.78326416015625,-0.0306854248046875,0.653839111328125,1432989365948.26,Drive
0.623260498046875,-0.0111236572265625,0.5260467529296875,1432989366059.331,Drive
0.7294158935546875,-0.010284423828125,0.6604156494140625,1432989366158.719,Drive
0.8749542236328125,-0.0520782470703125,0.7332000732421875,1432989366266.318,Drive
0.74169921875,-0.0364990234375,0.6480712890625,1432989366365.91,Drive
0.8050689697265625,-0.00537109375,0.6581268310546875,1432989366476.726,Drive
0.6916351318359375,0.0365753173828125,0.57818603515625,1432989366576.537,Drive
0.7115936279296875,-0.0281219482421875,0.5554351806640625,1432989366685.087,Drive
0.7813720703125,-0.00262451171875,0.68695068359375,1432989366785.319,Drive
0.9034881591796875,-0.0351409912109375,0.6760406494140625,1432989366874.28,Drive
0.7767486572265625,-0.010223388671875,0.6800384521484375,1432989366998.691,Drive
0.739471435546875,-0.0098724365234375,0.63031005859375,1432989367127.271,Drive
0.7984466552734375,0.004180908203125,0.5473785400390625,1432989367225.314,Drive
0.7615814208984375,0.0086212158203125,0.61993408203125,1432989367323.787,Drive
0.7725830078125,-0.0050811767578125,0.6124267578125,1432989367523.278,Drive
0.67840576171875,-0.054534912109375,0.612548828125,1432989367622.94,Drive
0.7055511474609375,-0.0201568603515625,0.4799346923828125,1432989367722.126,Drive
0.6148223876953125,-0.05255126953125,0.5680999755859375,1432989367827.478,Drive
0.670013427734375,-0.02545166015625,0.536895751953125,1432989367933.043,Drive
0.8049468994140625,-0.033447265625,0.7130126953125,1432989368032.494,Drive
0.7286834716796875,-0.004852294921875,0.6310272216796875,1432989368131.732,Drive
0.5784912109375,0.006744384765625,0.5876007080078125,1432989368241.744,Drive
0.6385040283203125,-0.01513671875,0.636962890625,1432989368349.143,Drive
0.70355224609375,0.0012664794921875,0.61090087890625,1432989368449.803,Drive
0.690093994140625,-0.0004119873046875,0.6037750244140625,1432989368548.464,Drive
0.781951904296875,-0.0153045654296875,0.6596221923828125,1432989368647.039,Drive
0.7567291259765625,0.015167236328125,0.68829345703125,1432989368757.016,Drive
0.7487945556640625,-0.013641357421875,0.7489166259765625,1432989368856.47,Drive
0.706878662109375,-0.0434722900390625,0.7305145263671875,1432989368955.188,Drive
0.8339691162109375,-0.041534423828125,0.7352294921875,1432989369053.922,Drive
0.665496826171875,0.04058837890625,0.7273101806640625,1432989369163.984,Drive
0.6743621826171875,0.0543975830078125,0.6941680908203125,1432989369274.738,Drive
0.753570556640625,-0.0218963623046875,0.6071929931640625,1432989369420.917,Drive
0.7451019287109375,0.00494384765625,0.785919189453125,1432989369516.526,Drive
0.793731689453125,-0.0299224853515625,0.75286865234375,1432989369637.417,Drive
0.773956298828125,0.0019683837890625,0.65155029296875,1432989369735.164,Drive
0.6810455322265625,-0.0327301025390625,0.60076904296875,1432989369851.708,Drive
0.7487030029296875,-0.0527801513671875,0.6590576171875,1432989369946.535,Drive
0.8555450439453125,-0.0535125732421875,0.7357330322265625,1432989370047.013,Drive
0.75274658203125,0.0088958740234375,0.6275787353515625,1432989370159.036,Drive
0.638671875,-0.057464599609375,0.6107177734375,1432989370259.295,Drive
0.7246856689453125,-0.0308380126953125,0.6016998291015625,1432989370365.467,Drive
0.77789306640625,-0.0077056884765625,0.7416839599609375,1432989370465.462,Drive
0.7222137451171875,-0.009674072265625,0.6123199462890625,1432989370564.945,Drive
0.6256866455078125,-0.0437164306640625,0.618194580078125,1432989370663.052,Drive
0.6861114501953125,-0.0284271240234375,0.6575927734375,1432989370773.793,Drive
0.72265625,-0.05047607421875,0.6408843994140625,1432989370873.808,Drive
0.751129150390625,-0.04022216796875,0.6786346435546875,1432989370972.196,Drive
0.82489013671875,-0.067413330078125,0.804595947265625,1432989371081.991,Drive
0.7949371337890625,-0.042236328125,0.6717681884765625,1432989371181.563,Drive
0.60162353515625,-0.011199951171875,0.468841552734375,1432989371290.1,Drive
0.655487060546875,-0.0488128662109375,0.6531219482421875,1432989371388.618,Drive
0.7372894287109375,-0.01336669921875,0.65570068359375,1432989371487.315,Drive
0.739105224609375,-0.0638275146484375,0.5865020751953125,1432989371598.459,Drive
0.785614013671875,-0.005706787109375,0.580413818359375,1432989371697.2,Drive
0.8089599609375,-0.046844482421875,0.72296142578125,1432989371796.292,Drive
0.663055419921875,-0.0169830322265625,0.6991119384765625,1432989371907.405,Drive
0.6020050048828125,-0.0230865478515625,0.6175994873046875,1432989372008.317,Drive
0.6343536376953125,-0.0211181640625,0.5067596435546875,1432989372108.8,Drive
0.761383056640625,-0.0286712646484375,0.6142425537109375,1432989372208.366,Drive
0.8276214599609375,-0.01275634765625,0.7320098876953125,1432989372318.309,Drive
0.7342376708984375,-0.0442352294921875,0.7164306640625,1432989372416.308,Drive
0.6822509765625,0.0251007080078125,0.65045166015625,1432989372514.444,Drive
0.7302398681640625,-0.023223876953125,0.611572265625,1432989372624.636,Drive
0.7144317626953125,0.02801513671875,0.6335296630859375,1432989372724.736,Drive
0.7475128173828125,0.065643310546875,0.64874267578125,1432989372823.339,Drive
0.5987091064453125,0.041259765625,0.54779052734375,1432989372933.827,Drive
0.749908447265625,-0.00909423828125,0.7313079833984375,1432989373033.645,Drive
0.614227294921875,0.0069122314453125,0.68426513671875,1432989373132.317,Drive
0.878265380859375,0.0262603759765625,0.73785400390625,1432989373242.562,Drive
0.747772216796875,0.02215576171875,0.6968841552734375,1432989373350.832,Drive
0.7050933837890625,0.0006256103515625,0.646148681640625,1432989373449.818,Drive
0.830596923828125,-0.0185089111328125,0.7360382080078125,1432989373558.928,Drive
0.7815093994140625,-0.0083770751953125,0.684051513671875,1432989373658.832,Drive
0.7291107177734375,0.0067138671875,0.737640380859375,1432989373758.331,Drive
0.7758636474609375,0.0262603759765625,0.6955108642578125,1432989373884.819,Drive
0.8005218505859375,0.0178680419921875,0.676513671875,1432989373989.291,Drive
0.7437896728515625,-0.0085906982421875,0.6724700927734375,1432989374092.553,Drive
0.788482666015625,-0.0086669921875,0.670501708984375,1432989374178.194,Drive
0.85308837890625,0.003265380859375,0.768707275390625,1432989374290.16,Drive
0.715118408203125,0.0347747802734375,0.6442718505859375,1432989374399.284,Drive
0.735443115234375,-0.0347747802734375,0.5207672119140625,1432989374499.773,Drive
0.6987762451171875,0.0059967041015625,0.597076416015625,1432989374608.643,Drive
0.7292633056640625,-0.039031982421875,0.5568389892578125,1432989374707.257,Drive
0.8500518798828125,-0.0028839111328125,0.627777099609375,1432989374807.816,Drive
0.7737579345703125,-0.01287841796875,0.69171142578125,1432989374917.326,Drive
0.758758544921875,-0.03839111328125,0.687591552734375,1432989375017.163,Drive
0.599761962890625,0.01373291015625,0.6643524169921875,1432989375117.353,Drive
0.7363128662109375,-0.0012969970703125,0.7172698974609375,1432989375226.083,Drive
0.5664215087890625,-0.022430419921875,0.50823974609375,1432989375326.706,Drive
0.710174560546875,-0.0522003173828125,0.6308135986328125,1432989375427.074,Drive
0.8967437744140625,-0.0069732666015625,0.70709228515625,1432989375526.647,Drive
0.6589508056640625,-0.060791015625,0.7060699462890625,1432989375626.09,Drive
0.5412750244140625,-0.065887451171875,0.4080657958984375,1432989375726.562,Drive
0.7532958984375,-0.048004150390625,0.6718597412109375,1432989375826.677,Drive
0.866668701171875,0.016937255859375,0.8286285400390625,1432989375937.3,Drive
0.909637451171875,-0.03204345703125,0.8052978515625,1432989376037.406,Drive
0.759552001953125,-0.047698974609375,0.7160186767578125,1432989376138.065,Drive
0.6461334228515625,-0.0067138671875,0.6360931396484375,1432989376239.207,Drive
0.537567138671875,-0.04364013671875,0.519439697265625,1432989376339.644,Drive
0.6313629150390625,-0.056732177734375,0.5724029541015625,1432989376438.609,Drive
0.6320037841796875,-0.01239013671875,0.6094207763671875,1432989376550.792,Drive
0.7789154052734375,-0.04901123046875,0.7232818603515625,1432989376658.302,Drive
0.8112945556640625,-0.0564727783203125,0.625213623046875,1432989376757.069,Drive
0.7644195556640625,-0.034637451171875,0.693572998046875,1432989376866.287,Drive
0.8173828125,-0.0408172607421875,0.5802764892578125,1432989376979.387,Drive
0.7211761474609375,-0.0820159912109375,0.7329559326171875,1432989377078.368,Drive
0.7459259033203125,-0.0378265380859375,0.6207733154296875,1432989377178.051,Drive
0.7259368896484375,-0.0999298095703125,0.769317626953125,1432989377277.058,Drive
0.7938995361328125,-0.0826416015625,0.742340087890625,1432989377388.801,Drive
0.708038330078125,-0.0679779052734375,0.6728973388671875,1432989377486.732,Drive
0.7773590087890625,-0.0858612060546875,0.6686248779296875,1432989377598.035,Drive
0.698150634765625,-0.0760955810546875,0.70013427734375,1432989377698.618,Drive
0.6389617919921875,-0.103790283203125,0.66180419921875,1432989377799.418,Drive
0.82196044921875,-0.0185546875,0.8082427978515625,1432989377898.129,Drive
0.7925567626953125,-0.0109405517578125,0.7390899658203125,1432989378019.412,Drive
0.68719482421875,-0.0999298095703125,0.681396484375,1432989378119.243,Drive
0.5851287841796875,-0.045806884765625,0.6036376953125,1432989378264.609,Drive
0.6085968017578125,-0.0693206787109375,0.789154052734375,1432989378360.689,Drive
0.8182373046875,-0.103668212890625,0.6089324951171875,1432989378471.38,Drive
0.748321533203125,0.0048828125,0.5971832275390625,1432989378571.175,Drive
0.6490631103515625,-0.0029296875,0.547119140625,1432989378671.496,Drive
0.7450714111328125,-0.08575439453125,0.607269287109375,1432989378772.506,Drive
0.926300048828125,-0.05621337890625,0.9114227294921875,1432989378882.917,Drive
0.8680267333984375,-0.0047607421875,0.6702423095703125,1432989378982.354,Drive
0.569732666015625,-0.1141204833984375,0.6202239990234375,1432989379082.142,Drive
0.7361907958984375,-0.04510498046875,0.6352691650390625,1432989379183.301,Drive
0.774261474609375,-0.010650634765625,0.7259674072265625,1432989379284.155,Drive
0.714813232421875,-0.080352783203125,0.69366455078125,1432989379384.105,Drive
0.7574310302734375,-0.062408447265625,0.6749420166015625,1432989379602.944,Drive
0.7561798095703125,-0.021820068359375,0.7129058837890625,1432989379700.672,Drive
0.6985931396484375,-0.0700225830078125,0.7343597412109375,1432989379801.126,Drive
0.835906982421875,-0.1316375732421875,0.7180328369140625,1432989379901.067,Drive
0.5587005615234375,0.075103759765625,0.58984375,1432989380018.107,Drive
0.6212615966796875,0.0677032470703125,0.5667572021484375,1432989380121.862,Drive
0.641815185546875,0.0098419189453125,0.56451416015625,1432989380223.39,Drive
0.711578369140625,0.0261383056640625,0.630523681640625,1432989380234.342,Drive
0.8570404052734375,-0.0241546630859375,0.8060760498046875,1432989380501.249,Drive
0.7872161865234375,0.0069122314453125,0.50897216796875,1432989380619.162,Drive
0.535247802734375,0.001861572265625,0.478118896484375,1432989380715.095,Drive
0.4589080810546875,-0.0098876953125,0.4657440185546875,1432989380823.279,Drive
0.5769805908203125,0.01300048828125,0.5406036376953125,1432989380921.129,Drive
0.6367034912109375,-0.06182861328125,0.4590301513671875,1432989381033.629,Drive
1.442001342773438,-0.0403900146484375,1.278656005859375,1432989381137.167,Drive
0.87640380859375,-0.0235748291015625,0.8104095458984375,1432989381237.008,Drive
0.6883697509765625,-0.0026092529296875,0.668304443359375,1432989381334.099,Drive
0.497161865234375,-0.005706787109375,0.5888519287109375,1432989381444.575,Drive
0.659576416015625,-0.0247650146484375,0.6765899658203125,1432989381542.736,Drive
0.7144317626953125,-0.0431976318359375,0.58685302734375,1432989381649.357,Drive
0.8171844482421875,-0.0560150146484375,0.7808837890625,1432989381748.474,Drive
0.697967529296875,-0.0100860595703125,0.6098480224609375,1432989381848.436,Drive
0.76043701171875,-0.031646728515625,0.6973876953125,1432989381958.794,Drive
0.9176483154296875,-0.0623931884765625,0.7537384033203125,1432989382059.037,Drive
0.831146240234375,-0.02838134765625,0.70672607421875,1432989382159.489,Drive
0.555816650390625,-0.016754150390625,0.572540283203125,1432989382269.784,Drive
0.6452484130859375,-0.03363037109375,0.4307403564453125,1432989382369.454,Drive
0.70648193359375,-0.028900146484375,0.6590118408203125,1432989382469.226,Drive
0.8102874755859375,-0.0210723876953125,0.814849853515625,1432989382568.252,Drive
0.8628692626953125,-0.0288543701171875,0.73284912109375,1432989382676.976,Drive
0.7100982666015625,-0.038970947265625,0.6160888671875,1432989382781.366,Drive
0.5841217041015625,-0.01092529296875,0.550628662109375,1432989382884.071,Drive
0.774200439453125,-0.0592498779296875,0.6469268798828125,1432989382984.188,Drive
0.7612152099609375,-0.0194091796875,0.774627685546875,1432989383095.615,Drive
0.66845703125,-0.0937652587890625,0.77587890625,1432989383209.192,Drive
0.7613372802734375,0.00238037109375,0.568115234375,1432989383305.929,Drive
0.8133697509765625,-0.0360565185546875,0.663330078125,1432989383406.181,Drive
0.66015625,0.0150299072265625,0.646087646484375,1432989383514.766,Drive
0.6405029296875,0.030853271484375,0.5594940185546875,1432989383614.221,Drive
0.8907012939453125,0.0399627685546875,0.8926544189453125,1432989383721.286,Drive
0.789520263671875,-0.0143890380859375,0.6724853515625,1432989383820.594,Drive
0.72967529296875,0.02130126953125,0.667144775390625,1432989383920.25,Drive
0.7375946044921875,0.005828857421875,0.7613067626953125,1432989384020.392,Drive
0.4080352783203125,0.1586151123046875,0.4717559814453125,1432989384120.74,Drive
0.9623565673828125,-0.0372467041015625,0.789825439453125,1432989384232.033,Drive
0.591339111328125,-0.01641845703125,0.686798095703125,1432989384331.245,Drive
0.54925537109375,-0.0432891845703125,0.6762237548828125,1432989384440.669,Drive
0.8419036865234375,-0.060546875,0.6718597412109375,1432989384541.232,Drive
0.671600341796875,0.0036468505859375,0.6816253662109375,1432989384641.992,Drive
0.6946563720703125,-0.03802490234375,0.7683868408203125,1432989384748.968,Drive
0.795013427734375,0.0252532958984375,0.6381988525390625,1432989384848.571,Drive
0.7069854736328125,0.003448486328125,0.64617919921875,1432989384949.111,Drive
0.6335906982421875,-0.0767822265625,0.580352783203125,1432989385048.456,Drive
0.61688232421875,0.00250244140625,0.6334686279296875,1432989385157.269,Drive
0.756072998046875,-0.0123291015625,0.7069854736328125,1432989385257.747,Drive
0.745086669921875,-0.0299835205078125,0.9210968017578125,1432989385366.708,Drive
0.7991790771484375,-0.06268310546875,0.8353271484375,1432989385464.476,Drive
0.781280517578125,-0.0299530029296875,0.8171844482421875,1432989385563.766,Drive
0.65301513671875,-0.0183563232421875,0.729248046875,1432989385672.981,Drive
0.6890869140625,0.050811767578125,0.847137451171875,1432989385771.644,Drive
0.7079620361328125,-0.0022125244140625,0.654052734375,1432989385883.099,Drive
0.670196533203125,-0.0210418701171875,0.5955963134765625,1432989385991.184,Drive
0.7505340576171875,-0.0511474609375,0.8253936767578125,1432989386091.256,Drive
0.7868804931640625,-0.0457305908203125,0.782135009765625,1432989386191.985,Drive
0.7682647705078125,0.0112457275390625,0.7042236328125,1432989386292.122,Drive
0.723175048828125,-0.043670654296875,0.74749755859375,1432989386392.114,Drive
0.678985595703125,-0.0309906005859375,0.7689971923828125,1432989386501.023,Drive
0.743011474609375,-0.027679443359375,0.767425537109375,1432989386601.881,Drive
0.730194091796875,0.0001678466796875,0.6594085693359375,1432989386700.98,Drive
0.6922760009765625,-0.0253753662109375,0.784912109375,1432989386810.239,Drive
0.72222900390625,-0.0286102294921875,0.7219696044921875,1432989386909.909,Drive
0.7793121337890625,0.0133819580078125,0.7514190673828125,1432989387009.612,Drive
0.667877197265625,-0.017059326171875,0.701171875,1432989387136.414,Drive
0.6679534912109375,-0.060272216796875,0.6837615966796875,1432989387240.912,Drive
0.656768798828125,-0.0072021484375,0.8016815185546875,1432989387340.031,Drive
0.5932769775390625,0.0268096923828125,0.6191558837890625,1432989387438.904,Drive
0.6753997802734375,-0.0396270751953125,0.7572021484375,1432989387539.237,Drive
0.654205322265625,-0.0853729248046875,0.817596435546875,1432989387645.114,Drive
0.9260101318359375,-0.043609619140625,0.834075927734375,1432989387750.366,Drive
0.7557373046875,-0.019287109375,0.583740234375,1432989387850.768,Drive
0.7043914794921875,-0.0427093505859375,0.6120758056640625,1432989387951.269,Drive
0.6573944091796875,0.00665283203125,0.56683349609375,1432989388051.815,Drive
0.7161712646484375,-0.0814971923828125,0.5831451416015625,1432989388173.075,Drive
0.7887115478515625,-0.002960205078125,0.4806671142578125,1432989388273.029,Drive
0.81707763671875,-0.0282135009765625,0.5038909912109375,1432989388373.028,Drive
0.8359527587890625,-0.0491485595703125,0.744110107421875,1432989388474.319,Drive
0.668060302734375,-0.004730224609375,0.505462646484375,1432989388585,Drive
0.51324462890625,-0.07666015625,0.4133758544921875,1432989388684.773,Drive
0.791046142578125,0.0815887451171875,0.716156005859375,1432989388784.025,Drive
0.6201934814453125,0.0171356201171875,0.5738067626953125,1432989388893.22,Drive
0.5550537109375,-0.0958099365234375,0.6012420654296875,1432989388991.916,Drive
0.6286773681640625,-0.0193634033203125,0.5741424560546875,1432989389090.949,Drive
0.802581787109375,0.0164947509765625,0.830169677734375,1432989389201.695,Drive
0.8781585693359375,0.0318603515625,0.8180389404296875,1432989389302.055,Drive
0.764190673828125,0.0039825439453125,0.7335205078125,1432989389400.065,Drive
0.612884521484375,-0.040557861328125,0.710845947265625,1432989389502.547,Drive
0.6847381591796875,0.01690673828125,0.6974945068359375,1432989389599.755,Drive
0.699432373046875,-0.037933349609375,0.693145751953125,1432989389710.145,Drive
0.688385009765625,-0.039276123046875,0.7261810302734375,1432989389808.939,Drive
0.61566162109375,0.029876708984375,0.6900787353515625,1432989389908.43,Drive
0.693389892578125,-0.060211181640625,0.748870849609375,1432989390008.739,Drive
0.7001800537109375,-0.02740478515625,0.6970367431640625,1432989390109.142,Drive
0.6877593994140625,-0.033599853515625,0.528533935546875,1432989390219.078,Drive
