mV, mH, stdV, stdH, varV, varH, mdV, mdH, zcrV, zcrH, rmsV,           corrV1, corrV2, corrV3, corrV4, corrV5, corrV6, corrV7, corrV8, corrV9, corrV10, corrV11, corrV12,          corrH1, corrH2, corrH3, corrH4, corrH5, corrH6, corrH7, corrH8, corrH9, corrH10, corrH11, corrH12,          ps1, ps2, ps3, ps4, ps5, ps6, ps7, ps8, ps9, ps10, ps11, ps12,           sEntropyV, sEntropyH, CfV, CfH, SfV, SfH, WfV, WfH, KfV, KfH, CtV, CtH, StV, StH, WtV, WtH, KtV, KtH, class
-0.121482,2.235380,0.269535,2.772368,0.058668,3.313420,0.404908,2.090411,-2.224846,0.600508,0.196697,2.793541,2.692749,2.502913,1.172342,-1.501964,-2.098658,-1.796521,-1.168579,0.112758,0.989228,0.749715,-0.053319,-0.587303,3.472830,1.698590,0.214516,-0.193088,-0.249657,-0.223949,-1.237927,-2.050395,-2.012228,-1.899985,-1.495845,-0.386870,-0.415514,-0.337769,-0.179093,-0.087211,0.009254,-0.371222,-0.498420,-0.504129,0.062476,0.328645,-0.614375,-0.486132,-0.545156,0.976839,-0.801088,-0.514618,-0.469183,-0.486404,0.707149,-0.526673,-1.051135,-1.681112,-1.655758,-1.645092,-1.670552,-5.976846,-6.329824,5.981142,6.364693,Train
-1.441021,3.262701,-0.589129,2.915755,-0.601287,3.553122,-0.521937,2.628966,-0.925378,0.092386,-0.566202,3.026144,-0.008290,0.062875,0.033141,-0.194888,-0.277644,-0.336311,-0.330697,-0.211475,-0.003784,0.118815,0.102707,0.060141,-1.309995,-2.171650,-1.005906,0.213628,0.435539,0.871210,1.081668,0.900353,-0.047225,-0.890896,-1.583349,-1.362754,-0.108310,-0.302427,-0.144900,0.191364,-0.195115,-0.496823,-0.598820,-0.343378,0.632522,1.338895,1.343905,-0.424779,0.695146,2.014464,-1.101465,-0.273264,-0.245613,-0.258801,-0.271511,0.345089,0.384371,-1.599466,-1.613364,-1.611270,-1.598206,-1.964749,-0.890446,1.935532,0.751792,Train
0.122013,0.543295,-0.231771,0.918308,-0.359129,0.753960,-0.233932,1.007575,-0.059067,-0.415736,-0.243046,0.889002,-0.115411,0.030610,0.276856,-0.065300,-0.350498,-0.363955,-0.215989,0.114824,0.008388,-0.264391,-0.329248,-0.479029,0.451263,-0.015713,-1.722774,-0.887514,0.976785,1.403405,0.776139,-1.890849,-2.816362,-0.719486,2.301961,4.032732,-0.148459,-0.138575,-0.399954,-0.561398,-0.214303,-0.233466,-0.755380,-0.494780,-0.635370,-0.839529,-0.721893,-0.816661,0.303662,0.563757,-0.708969,-0.526724,-0.636583,0.948265,0.476930,-1.302076,-1.007629,-1.509144,-1.519286,-1.518352,-1.507658,-0.931667,-0.606056,0.970756,0.533133,Train
0.565425,0.184101,-0.368937,0.312560,-0.457557,0.135015,-0.421679,0.341354,0.374089,1.616751,-0.294057,0.284670,0.232379,0.430769,0.755451,0.621449,0.082505,-0.437033,-0.496263,-0.365526,0.086026,0.613521,0.948830,0.816853,-0.171403,-0.718542,-1.553775,-2.041025,-1.283255,0.339842,1.082066,0.248114,-0.892095,-0.942098,-0.699398,-0.553235,-0.287829,-0.185617,-0.044891,-0.396487,-0.206707,-0.468654,-0.598571,-0.550384,-0.534052,-1.036780,-0.701838,-0.871191,0.013593,0.148558,-0.410291,-0.412393,-0.597297,0.346190,0.962563,-0.773713,-0.923937,-1.454477,-1.455918,-1.455905,-1.454368,-0.361832,-0.206355,0.342827,0.156052,Train
-0.673570,-0.602369,-0.725381,-0.864994,-0.681415,-0.761990,-0.666505,-0.707821,2.106712,2.124873,-0.754473,-0.868740,0.128670,0.201858,0.174531,-0.219008,-0.432119,-0.494408,-0.249112,0.039850,0.159346,0.071947,-0.015893,-0.329460,-0.359059,-0.638355,0.030417,0.550826,0.611757,0.230846,-0.222810,0.130127,0.750738,0.712042,0.177712,-0.117844,-0.438037,-0.451606,-0.519166,-0.488517,-0.614658,-0.474282,0.303629,0.778423,0.388934,0.421798,0.670414,-0.007477,0.681796,-0.323696,0.103067,-0.213353,-0.168953,0.110987,0.308357,0.189371,0.140647,-1.357070,-1.358041,-1.359053,-1.357814,-0.052455,-0.016604,0.057619,-0.000084,Train
-0.748259,0.678904,-0.468703,-0.949790,-0.524859,-0.810976,-0.330630,-0.893933,0.807245,1.616751,-0.513074,-0.924584,-1.242433,-1.170819,-0.952478,0.173382,0.669599,0.618235,-0.214487,-0.456459,0.026988,0.450789,0.534322,0.366846,0.907429,0.471859,-0.287822,-0.312035,0.143152,0.484815,0.914287,1.226943,0.497295,-0.307923,0.284268,0.041102,-0.435480,-0.465722,-0.456788,-0.429214,-0.403483,-0.163587,-0.549323,-0.583557,-0.468327,-0.265407,2.426213,0.290962,0.811723,-0.250890,-0.020111,-0.311676,-0.266229,0.230404,0.576932,0.045691,-0.083513,-1.289774,-1.290458,-1.290900,-1.290607,-0.069681,0.042528,0.071021,-0.055675,Train
-0.452774,0.636061,-0.737522,-1.263953,-0.688228,-0.974186,-0.693577,-1.349154,0.807245,0.600508,-0.761515,-1.230697,-0.234149,-0.334748,-0.530512,-0.391447,0.088439,0.455341,0.827676,0.765843,0.045244,-0.686089,-0.785241,-0.558660,-0.027555,-0.131009,-0.234283,-0.025329,0.483270,0.745698,0.524534,0.316315,0.101526,0.178911,0.240415,0.003555,-0.430713,-0.449822,-0.484746,-0.431371,-0.833050,-0.859960,-0.611654,-0.390711,-0.219993,0.741767,-0.543648,-0.081848,1.638178,0.241750,-0.426778,-0.588317,-0.556899,1.181835,1.975284,-1.023908,-1.498742,-1.209199,-1.215195,-1.215674,-1.210577,-0.000881,0.121400,0.000190,-0.124424,Train
-0.379703,0.427307,-1.119955,-1.001514,-0.875458,-0.839826,-1.148789,-1.034617,0.374089,-1.431980,-1.113570,-0.992469,0.050531,0.060642,-0.014313,-0.108339,-0.189434,-0.315237,-0.390961,-0.278687,-0.038856,0.091217,0.018135,-0.122108,-0.153586,0.106817,0.455041,0.017937,-0.813248,-0.789701,-0.184337,0.851252,1.270945,1.148725,0.615544,-0.039384,-0.414979,-0.423736,-0.421243,-0.387329,-0.611348,-0.434061,-0.545246,-0.507050,0.154753,-0.262926,-0.644765,-0.482890,-0.257752,-0.979604,0.881523,0.666075,0.649446,-1.354670,-1.071725,1.415273,1.074532,-1.127537,-1.121882,-1.123297,-1.128121,0.152873,0.082701,-0.152568,-0.088473,Train
-0.433489,1.147430,-1.220860,-0.674318,-0.916010,-0.644180,-1.168985,-0.469566,-0.925378,-1.940101,-1.211316,-0.616070,0.013140,0.057246,0.017640,-0.148012,-0.280707,-0.357093,-0.248866,-0.044267,0.001834,-0.091349,-0.126260,-0.165694,-0.233535,-0.706005,-0.705077,-0.378521,0.463389,1.098668,1.115832,0.652442,-0.020655,-0.338390,-0.424675,-0.295660,-0.378199,-0.389852,-0.501808,-0.583655,-0.759741,-0.755913,-0.604759,-0.387064,-0.473895,-0.629327,-0.454332,-0.566888,1.033987,0.842392,-0.811367,-0.590469,-0.526887,0.535293,0.601380,-0.949915,-1.019432,-1.045517,-1.047391,-1.048761,-1.046858,0.170149,0.158555,-0.169392,-0.157548,Train
-0.587070,-0.164471,-1.308037,-0.547391,-0.948071,-0.559880,-1.282773,-0.487983,0.807245,-0.415736,-1.299930,-0.564489,0.003776,-0.075218,-0.157928,-0.213210,-0.168371,-0.130786,-0.046785,0.028890,-0.051448,-0.152539,-0.167086,-0.188439,-0.029149,0.461153,0.506530,0.096310,-0.689346,-1.030114,-0.797006,-0.148175,0.756278,1.250189,1.231101,0.491959,-0.437929,-0.464966,-0.587184,-0.575002,-1.013283,-0.779665,-0.562981,-0.601788,-0.606883,-0.574128,-0.355391,0.133215,0.993946,1.721043,-0.885339,-0.497675,-0.350240,1.627242,0.101556,-1.047215,-0.351043,-0.985893,-0.976976,-0.978053,-0.987064,0.165241,0.158773,-0.166047,-0.157683,Train
-0.678323,-0.731399,-1.264972,-0.363591,-0.932578,-0.429479,-1.324293,-0.421317,1.673557,0.600508,-1.260219,-0.372957,-0.045009,-0.025874,-0.035700,-0.048723,-0.083873,-0.165942,-0.248132,-0.245324,-0.183435,-0.090245,-0.039764,-0.037092,3.671306,1.868025,0.564134,0.441048,0.047826,-0.092441,-0.451840,-0.417239,0.153112,0.493318,-0.655143,-0.586141,-0.438114,-0.466168,-0.563204,-0.553904,-0.992080,-0.779308,-0.682996,-0.473226,-0.196924,-0.940782,-0.717778,-0.773533,0.662155,1.851776,-0.915156,-0.433430,-0.358608,0.874004,0.608905,-0.565063,-0.436676,-0.878284,-0.893620,-0.894778,-0.879346,0.187697,0.169322,-0.186557,-0.166959,Train
-0.503908,-0.384674,-0.968587,-0.439377,-0.807697,-0.484441,-0.959521,-0.565087,1.240401,0.092386,-0.979632,-0.456849,0.022221,0.071643,0.233495,-0.011244,-0.216859,-0.270356,-0.318939,-0.193005,-0.057979,0.003578,0.054884,0.045054,-0.684129,-0.586643,-0.104731,0.332651,1.031600,0.881035,0.611804,0.214154,-0.164420,-0.525881,-0.597607,-0.470501,-0.434925,-0.456876,-0.591275,-0.428175,0.104252,-0.704002,-0.625128,0.300172,0.022291,-0.690192,-0.609067,-0.788451,-0.849661,1.465272,-0.835086,-0.457021,-0.501034,0.432223,1.462178,-0.711591,-1.068894,-0.811742,-0.826092,-0.827498,-0.813027,0.220775,0.189224,-0.220486,-0.184853,Train
-0.453868,-0.180299,-0.684696,-0.343641,-0.658194,-0.414733,-0.808196,-0.597646,-0.492223,-0.923858,-0.712187,-0.364248,0.032246,0.241632,0.604482,0.393304,-0.264658,-0.803083,-1.293495,-1.262442,-0.416358,0.618500,0.964450,0.937491,-0.231320,-0.509324,-1.498682,-2.308652,-1.965790,-1.151276,0.055610,0.727941,0.582031,0.515888,0.567274,0.600077,-0.427508,-0.412182,-0.570366,-0.588175,-0.863343,-0.844859,-0.560068,-0.710510,-0.702618,-0.478899,-0.110806,-0.799936,1.580931,0.532933,-0.600608,-0.652239,-0.565511,1.661348,1.282794,-1.345568,-1.367313,-0.737352,-0.732195,-0.733059,-0.738359,0.197804,0.183852,-0.197587,-0.179845,Train
-0.025505,-0.333704,1.097905,0.305410,0.948878,0.128348,0.887128,0.267911,-1.358534,-0.415736,0.974175,0.274315,0.063433,0.091030,-0.035147,-0.676388,-0.859924,-0.800158,-0.379938,0.239079,0.641564,0.541204,0.225212,-0.048287,0.090399,0.353030,0.028320,-0.547024,-0.346966,0.571541,1.130082,1.782890,0.347334,-1.228123,-1.331238,-0.283893,-0.159104,0.016525,-0.156761,1.037887,0.844836,-0.180394,-0.682130,-0.239237,-0.261066,-0.739737,-0.182669,1.839080,0.139582,-0.204715,-0.203870,-0.321271,-0.431084,-0.080563,0.293047,-0.072738,-0.144208,-0.635030,-0.654713,-0.656056,-0.636142,0.239610,0.198409,-0.239237,-0.192953,Train
-0.652982,-2.409183,1.786436,0.697304,1.878294,0.515743,1.869462,1.034089,-0.059067,-0.415736,1.600027,0.784387,-0.022707,0.050719,0.312637,0.238539,-0.110072,-0.291502,-0.231364,0.461498,1.318206,1.767401,1.501066,0.879730,1.139610,1.739282,-0.881125,-2.585111,-2.525249,-1.287241,-0.783232,-0.644355,-0.986468,-1.338545,-0.905364,-0.602331,-0.397798,-0.215658,1.386545,2.207172,0.585714,3.897295,1.931378,-0.644722,0.507807,0.828693,-0.661337,-0.755343,-1.536023,-1.007496,0.984464,0.789164,0.783004,-1.534790,-0.991896,1.580902,0.931501,-0.589603,-0.574411,-0.575632,-0.590581,0.241992,0.196703,-0.242001,-0.191359,Train
-1.000668,-2.028669,0.553838,1.375833,0.336133,1.292388,0.331037,1.710859,2.106712,-1.431980,0.451757,1.398930,0.556845,-0.141251,-0.869363,-0.499747,0.326701,0.623067,-0.094587,-1.047405,-1.293953,-0.464425,0.649745,1.156240,0.836586,0.540947,-1.414603,-1.743181,0.055752,1.717089,2.159502,1.244130,-1.036066,-1.701871,-0.287822,1.634949,-0.263824,-0.015932,0.352511,0.215513,-0.349715,-0.747657,0.143546,0.197512,-0.221715,-0.437549,0.575999,-0.059617,0.663147,0.154656,-0.528145,-0.551284,-0.442939,-0.059229,0.485267,-0.600845,-1.032547,-0.519422,-0.498873,-0.499775,-0.520444,0.232558,0.204163,-0.232829,-0.198162,Train
1.968155,0.576304,0.684538,1.106112,0.473529,0.967586,0.845022,1.394964,0.374089,-0.415736,0.932968,1.074120,0.251348,0.424024,1.430099,1.016942,0.155791,-0.296026,-0.557436,-0.514476,-0.174512,0.125129,0.138263,0.010060,0.557649,1.763655,1.094267,0.357294,-0.694914,-1.160297,-1.386075,-1.485291,-0.397913,0.830437,1.251052,0.527456,1.565283,1.211005,0.484426,0.158343,0.622981,1.335919,1.984712,1.189160,0.931904,1.318545,0.764090,4.616585,0.509592,-0.573375,-0.007807,-0.158563,-0.287508,-0.099638,-0.630432,0.354233,0.790560,-0.411099,-0.432212,-0.433276,-0.412101,0.247188,0.210775,-0.247064,-0.204079,Train
1.576461,0.034101,0.513050,-0.022032,0.294524,-0.160988,0.495099,0.078086,-0.492223,-0.415736,0.690409,-0.046586,1.083094,1.458796,1.027325,-0.400277,-1.225241,-0.938857,-0.115464,0.964092,1.570973,0.828024,-0.443216,-1.288294,0.491431,3.011097,3.934569,2.423682,-0.220716,-1.493796,-1.583148,-1.432509,-0.093639,0.434887,0.177259,-0.429170,0.933597,1.246086,0.820598,-0.025786,1.156768,0.693522,-0.506535,-0.625067,-0.672997,-0.770433,-0.487734,1.121838,-0.210383,-1.201957,0.893923,0.786255,0.649637,-1.139154,-1.601319,1.403780,1.636401,-0.371608,-0.363754,-0.364803,-0.372469,0.252902,0.208613,-0.253046,-0.202207,Train
-0.690631,-0.602191,-0.477230,-0.912843,-0.530444,-0.789889,-0.656990,-0.909324,-0.059067,-0.923858,-0.521774,-0.915585,0.011291,0.079564,0.159830,0.182039,-0.158988,-0.515966,-0.717327,-0.775352,-0.479088,0.262694,0.749359,0.738682,-0.420834,-0.937000,-0.714118,-0.327598,0.179187,0.358937,0.304210,0.235364,0.231294,0.018905,-0.247230,-0.356921,-0.434762,-0.465373,-0.547721,-0.561161,-0.458916,-0.895645,-0.438096,-0.655571,-0.096013,-0.169291,-0.491165,-0.407143,0.765648,0.412064,-0.460521,-0.584050,-0.505580,1.626718,0.808966,-1.385479,-1.038598,-0.263463,-0.272216,-0.273080,-0.264372,0.251010,0.216098,-0.250897,-0.208797,Train
-0.771179,-0.424826,-0.389732,-1.183167,-0.471883,-0.934966,-0.511537,-1.262590,-0.925378,0.600508,-0.438648,-1.186290,-0.113456,0.358035,0.163246,-0.364444,-0.473066,-0.333318,-0.310314,-0.039326,0.165048,0.302687,0.299215,0.321272,-0.136358,-0.399003,-0.263685,0.104894,0.634275,0.748622,0.437234,-0.029286,-0.221758,-0.034004,0.257126,0.383501,-0.438124,-0.459793,-0.557223,-0.248299,1.029829,-0.520741,-0.410780,-0.525642,0.576527,2.100333,-0.672459,0.724985,0.109879,-0.606593,0.459237,0.138678,0.171793,-0.651245,-0.416379,0.856110,0.736825,-0.193889,-0.198483,-0.199396,-0.194871,0.259184,0.221724,-0.259286,-0.213821,Train
1.945802,-0.296672,1.235658,-0.978671,1.121060,-0.827181,1.361702,-1.082015,-1.791690,0.600508,1.392464,-0.987802,-0.078732,-0.245229,-0.501658,-0.345127,0.072875,0.323261,0.781226,1.072835,0.972015,0.479277,-0.075745,-0.361652,-0.213968,-1.116069,-0.403648,0.640826,1.009280,-0.009342,-0.534061,-0.147211,0.607444,0.771903,0.456011,-0.009508,1.562112,1.387323,0.279221,-0.565377,0.379037,1.962099,2.798759,5.311905,4.508912,0.919310,-0.466112,-0.516670,-1.427662,-1.921590,4.830292,5.509735,5.547897,-1.824262,-1.809287,0.416111,0.304918,-0.101471,-0.106681,-0.107681,-0.102182,0.268785,0.218091,-0.268786,-0.210519,Train
2.030732,0.716777,1.310515,-0.965737,1.217513,-0.819954,1.417909,-1.095061,-0.925378,-0.415736,1.475962,-0.936805,-2.755254,-2.908877,-1.416397,1.572358,1.941549,0.635611,-1.646098,-4.278143,-4.231359,-1.693293,0.614623,1.398715,0.003245,0.312990,0.442813,0.214000,-0.062739,0.024887,0.207811,0.497899,0.573414,0.506008,0.096009,-0.463451,0.900063,0.539598,0.855976,-0.446286,-0.549874,-0.559607,0.091960,-0.231415,-0.575218,0.423636,-0.729241,-0.675620,-0.802704,-1.100897,0.417906,0.319263,0.128940,-0.611595,-1.252482,1.174199,1.505466,-0.055613,-0.039150,-0.039696,-0.056267,0.254759,0.218793,-0.254956,-0.211233,Train
-0.362393,0.118279,-0.539480,-1.156619,-0.570415,-0.921662,-0.642940,-1.257325,-0.059067,-0.923858,-0.572091,-1.158352,0.005150,0.101671,0.143508,0.032723,-0.192282,-0.305363,-0.312970,-0.131964,0.042018,0.093841,0.018460,-0.113902,-0.287106,-0.605599,-0.328647,-0.142821,0.124799,0.256811,0.305161,0.307362,0.279222,0.247969,0.062886,-0.304491,-0.387518,-0.398416,0.069324,0.192326,-0.125391,-0.035959,0.136415,-0.153008,-0.701098,-0.586526,-0.454575,-0.070037,-0.393037,-1.102671,1.085439,0.895422,0.945624,-1.509609,-1.207322,1.493832,1.150724,0.028894,0.053240,0.052535,0.028326,0.266535,0.220024,-0.266643,-0.212282,Train
-0.291880,-0.268564,-0.799156,0.354055,-0.721989,0.174000,-0.880947,0.348681,0.374089,-1.940101,-0.808899,0.321688,0.037200,0.116805,0.105354,0.058766,-0.028394,-0.178464,-0.226481,-0.230246,-0.183553,-0.004290,0.213190,0.246882,-0.379955,-1.184643,-0.860938,-0.027415,1.324470,1.740589,1.374740,0.422580,-0.593192,-0.823563,-0.459530,0.018953,-0.433618,-0.378164,-0.393745,-0.443935,-0.135765,-0.586900,-0.239715,-0.023391,-0.004918,1.760658,-0.127525,-0.544676,0.222466,0.056285,-0.264763,-0.423089,-0.341708,0.049036,-0.081119,-0.340389,-0.313671,0.121361,0.133583,0.132994,0.120718,0.266501,0.225446,-0.266534,-0.217089,Train
-0.464554,-0.157884,-0.651042,0.451124,-0.638533,0.267159,-0.621212,0.498788,0.374089,-1.431980,-0.681155,0.416921,0.100114,0.001894,-0.426234,-0.802372,-0.370946,0.275282,0.741708,0.652105,-0.046590,-0.626815,-0.738762,-0.487540,-0.046587,0.145676,0.094808,-0.083922,-0.103978,0.125600,0.530461,1.169430,1.186660,0.850652,0.166989,-0.469712,-0.387186,-0.462441,-0.512502,-0.399691,-0.309933,-0.784825,-0.685281,-0.470185,-0.589374,-0.328201,-0.328267,0.447648,0.637474,1.662455,-0.991723,-0.418145,-0.319160,0.110627,-0.226114,-0.176974,-0.094098,0.184295,0.178024,0.177578,0.183599,0.263925,0.229090,-0.264041,-0.220412,Train
-0.645339,-0.478850,-0.715331,-0.939106,-0.675734,-0.804919,-0.627905,-0.949116,0.374089,-0.415736,-0.745089,-0.945435,0.108828,0.226127,-0.012034,-0.588960,-0.589587,-0.342436,-0.035169,0.167782,0.208494,0.134985,-0.048734,-0.213135,1.638624,0.883097,-0.106073,-0.164797,-0.115817,-0.192013,0.320132,0.651718,0.238447,-0.237817,-0.490069,-0.605948,-0.437961,-0.438532,-0.389409,-0.495553,-0.840319,-0.381100,0.513972,0.226220,-0.657369,-0.533281,-0.526104,-0.575207,-0.540911,-0.438730,0.236378,-0.040359,-0.039984,-0.595167,-0.139895,0.730016,0.503125,0.270566,0.260695,0.260223,0.270206,0.269096,0.224186,-0.269185,-0.216019,Train
-0.533944,-0.500719,-0.628728,-1.183849,-0.625269,-0.935306,-0.529833,-1.222675,-0.059067,0.600508,-0.662463,-1.184681,-0.233876,-0.548112,-0.652693,-0.334276,0.062671,0.167646,0.172378,-0.065380,-0.243790,-0.084496,0.225617,0.305564,0.066151,-0.152545,-0.268840,-0.066133,0.975062,1.153578,0.590512,0.118165,-0.011239,0.065967,-0.317724,-0.461810,-0.437425,-0.465782,-0.535722,-0.515330,-0.205347,-0.394291,-0.150704,-0.365083,-0.691827,-0.707315,-0.093470,-0.172320,-0.094356,-0.525696,0.331864,0.028616,0.014933,-0.538456,-0.013129,0.748949,0.427570,0.341403,0.346469,0.346136,0.341086,0.268638,0.225622,-0.268751,-0.217302,Train
-0.576312,-0.335640,-0.860744,-0.912659,-0.754349,-0.789783,-0.806866,-0.879965,0.374089,1.108629,-0.880700,-0.922465,0.057252,0.135620,0.057454,0.031027,-0.214239,-0.494905,-0.597972,-0.237599,0.385781,0.535916,0.074256,-0.445468,-0.643649,-1.317462,-0.733334,-0.009237,0.556829,0.362646,0.247902,0.489368,0.783516,0.608048,0.431411,-0.025776,-0.437364,-0.463580,-0.489496,-0.347018,-0.829381,-0.634177,-0.753517,-0.437470,-0.309220,-0.994183,-0.728387,0.281515,0.792375,0.347126,-0.433010,-0.566418,-0.489812,1.064801,1.058193,-1.022730,-1.141873,0.420102,0.435306,0.435128,0.419853,0.267801,0.226617,-0.267895,-0.218171,Train
-0.794483,0.093332,-0.907558,-0.129861,-0.778026,-0.249424,-0.872651,-0.205908,0.807245,0.092386,-0.922846,-0.151513,0.018045,0.076635,0.043633,-0.158519,-0.259479,-0.263664,-0.106078,0.154316,0.257255,0.032626,-0.295134,-0.601103,-0.523268,0.106998,0.660489,0.356385,-1.050900,-1.696118,-1.709224,-0.426901,1.239967,1.839182,1.126379,0.131650,-0.437914,-0.449886,-0.562241,-0.490754,-0.847145,-0.673143,-0.770881,-0.252497,-0.664939,1.280983,1.896012,-0.149323,1.397679,0.643037,-0.547686,-0.616840,-0.576047,1.916194,2.060051,-1.576457,-1.574186,0.506666,0.514290,0.514133,0.506548,0.270712,0.226500,-0.270817,-0.218055,Train
-0.265184,-1.387452,1.908221,0.815456,2.060590,0.641326,1.377207,0.913059,-0.492223,-0.415736,1.720232,0.810936,0.211747,0.520281,-0.066444,-0.846925,-0.687696,-0.514203,-0.914600,-0.926604,-0.235663,0.866821,1.491304,1.549191,0.541119,0.410709,-0.191385,-0.589981,-0.221738,0.351674,0.871119,0.209446,-1.113080,-1.513504,-0.741963,0.352957,0.338530,0.509084,0.280921,-0.231234,2.856358,1.899304,0.146236,0.425905,-0.665003,1.384706,3.276262,0.721564,0.440495,-0.760504,0.238849,0.033117,0.033625,-0.722951,-0.813499,1.013996,1.075685,0.609431,0.591417,0.591235,0.609292,0.274651,0.229859,-0.274734,-0.221063,Train
0.887931,0.061619,2.851669,1.024802,3.655132,0.873834,2.927411,0.954807,-1.358534,1.108629,2.675788,0.982198,3.809018,2.556033,2.093460,2.030567,1.930977,2.103883,2.206309,1.825193,1.499539,1.659554,2.233688,3.857456,-1.243491,0.261592,1.775944,2.092943,1.346798,0.186223,-0.462790,-1.063111,-1.912258,-2.809698,-2.683995,-1.771902,-0.320044,-0.045583,2.021437,2.358972,1.557276,1.551542,-0.495228,0.529577,3.431076,0.242508,2.010080,1.810353,0.177516,-1.111566,1.180119,0.994839,1.068269,-1.533043,-1.337020,1.455754,1.280602,0.662891,0.659409,0.659413,0.662949,0.272072,0.227604,-0.272202,-0.219077,Train
0.339966,0.832274,1.885321,0.399915,2.025900,0.217671,1.964097,0.332432,-0.925378,0.092386,1.732357,0.395656,-0.002772,0.206105,0.184884,-0.190814,-0.456806,-0.236869,0.161620,0.590132,0.359164,-0.324124,-0.969917,-1.346487,-0.326283,-0.916402,-0.554513,0.182120,0.834035,0.916281,0.667215,0.534709,0.099995,-0.175272,-0.332232,-0.386564,0.409574,0.761782,2.528930,4.861610,0.878231,1.757766,2.729306,0.635124,0.413666,-0.095254,-0.716108,1.036230,-0.729249,-0.737496,0.257443,0.075866,0.078675,-0.938114,-0.778757,1.158592,1.104933,0.739672,0.740800,0.740726,0.739565,0.277446,0.232648,-0.277594,-0.223559,Train
-0.995331,-0.729503,0.956649,0.799190,0.779468,0.623794,0.776215,0.806043,0.374089,0.092386,0.828267,0.766420,0.306013,-0.536301,-1.126578,-0.274498,1.665547,3.095808,3.418385,1.407687,-2.025658,-4.680051,-4.719500,-3.077706,-0.534824,1.706268,1.409487,-1.671240,-4.002274,-3.079195,-1.053169,1.347064,2.793233,0.817731,-2.049032,-2.813076,-0.435593,-0.446720,-0.568791,-0.110831,-0.406279,0.266553,-0.549124,-0.253249,-0.428559,-0.972264,-0.539454,-0.521117,-0.763090,0.074981,-0.257239,-0.410267,-0.382953,0.039421,0.295419,-0.364388,-0.460840,0.812529,0.827153,0.827495,0.812795,0.269337,0.227662,-0.269467,-0.219095,Train
0.374505,-1.202783,0.804460,1.062044,0.605049,0.916536,0.756731,1.288907,0.374089,-0.415736,0.736587,1.041535,0.094864,0.128302,-0.000956,-0.284973,-0.367977,-0.302697,-0.158373,0.074007,0.220098,0.228227,0.116077,-0.119736,-0.157364,-0.504817,0.205349,0.643893,0.401403,-0.657824,-1.790288,-2.565591,-1.012619,0.994654,2.291272,2.134392,-0.408560,-0.286226,0.066557,-0.055842,-0.134872,0.317058,3.158999,1.593290,0.488513,0.758988,0.025185,0.055942,-0.142305,-0.128787,-0.114458,-0.310841,-0.300738,-0.093867,-0.059221,-0.007294,-0.015099,0.912363,0.893259,0.893422,0.912588,0.276521,0.230903,-0.276653,-0.222010,Train
0.525310,-1.318344,0.192408,-0.105858,-0.011546,-0.230032,0.092094,-0.047344,0.807245,0.092386,0.198482,-0.088154,-0.137933,0.637285,0.871338,-0.117628,-0.843406,-0.914307,-0.723184,-0.087348,0.470667,0.544796,0.289488,-0.161606,-1.500012,-0.078716,1.690029,1.619567,-0.120529,-1.563489,-1.729635,0.123265,1.902927,1.811307,0.933050,0.092317,0.374745,0.388895,0.022652,0.048275,0.779580,0.248800,0.451126,-0.225600,-0.484870,-0.670823,0.221789,-0.281869,-0.138454,-0.940345,0.394157,0.233311,0.207995,-0.857991,-1.152418,1.230873,1.480730,0.962822,0.966885,0.967137,0.963179,0.276819,0.229852,-0.276983,-0.221078,Train
-0.540138,0.271016,-0.674992,0.509305,-0.652567,0.324313,-0.613007,0.495058,1.240401,0.092386,-0.705939,0.479773,0.042820,0.110981,0.134879,0.037148,-0.134004,-0.284185,-0.384529,-0.257559,0.010525,0.214076,0.175561,0.016286,-1.177855,-1.131836,0.051383,0.682590,0.866919,0.857227,0.398714,-0.201077,-0.475592,-0.079970,0.200732,0.471309,-0.429530,-0.439714,-0.497461,-0.518753,-0.883464,-0.183645,0.393642,1.201610,0.104201,-0.635088,-0.690409,-0.276191,-0.655735,0.818777,-0.638144,-0.552104,-0.511957,0.911919,0.625630,-1.267271,-1.171421,1.053097,1.067458,1.067839,1.053435,0.276897,0.232215,-0.277029,-0.223169,Train
-0.674902,-0.271011,-0.752040,0.248747,-0.696305,0.076043,-0.736654,0.454576,-0.059067,-0.415736,-0.779456,0.218203,-0.016478,-0.207863,-0.556449,-0.602536,-0.224361,0.158403,0.521626,0.505435,-0.015055,-0.538424,-0.653512,-0.535357,-0.034027,0.571899,-0.070134,-0.592097,-0.162635,0.410447,0.326267,-0.226905,0.164142,0.950734,0.979053,0.225813,-0.432711,-0.459524,-0.587757,-0.504792,-0.932106,-0.386180,-0.485068,-0.698951,-0.526549,-1.033615,-0.540514,-0.424510,0.075457,2.186627,-1.000049,-0.287606,-0.229388,0.238694,-0.232896,-0.018149,0.261660,1.118497,1.114915,1.115414,1.118897,0.275638,0.232645,-0.275792,-0.223565,Train
0.015277,0.426445,0.382735,-0.779789,0.165632,-0.710657,0.159980,-0.598316,-0.492223,1.616751,0.312302,-0.776507,0.029515,-0.218978,-0.432978,-0.043113,0.188821,0.128206,-0.079558,-0.376923,-0.508936,-0.298338,0.121550,0.450167,-0.150770,-0.752469,-0.705799,0.678183,0.581679,-0.206754,0.283796,0.430616,-0.080012,-0.052640,0.332171,0.295374,-0.254536,-0.159242,-0.066539,0.526066,3.433766,0.866569,0.451868,0.928582,1.023930,-0.240133,-0.685600,-0.790651,-1.660409,-1.324971,1.723858,1.663066,1.661709,-1.661468,-1.538432,1.355411,0.998853,1.220242,1.207217,1.207703,1.220852,0.278825,0.231483,-0.278958,-0.222520,Train
1.158970,-0.588142,0.717006,0.877266,0.508622,0.708645,0.762182,1.012133,-0.925378,0.092386,0.776220,0.839719,-0.990128,-0.353357,1.704297,4.595512,4.410037,3.637480,2.514192,0.464493,-1.303399,-2.172021,-2.058512,-1.654394,-0.767609,-0.492396,1.046357,1.500579,0.270140,-1.234766,-1.665280,-0.765791,0.877567,1.403237,0.668549,-0.100539,-0.067410,-0.118766,-0.421077,-0.142334,-0.609719,-0.459637,-0.032786,0.011961,-0.384215,0.657533,0.507783,-0.792108,0.493948,0.462286,-0.643321,-0.515943,-0.620709,0.790619,0.489684,-1.287343,-0.885294,1.280766,1.298560,1.299408,1.281459,0.273314,0.231458,-0.273451,-0.222489,Train
2.795550,-0.001622,0.584299,0.990112,0.367600,0.834423,0.800121,1.014351,-1.791690,-0.923858,1.098790,0.947463,-0.555311,-0.123132,0.442178,1.004224,1.104529,1.227474,1.799843,1.774438,1.253396,0.652480,0.116610,-0.371181,-0.661264,-0.200811,0.699440,0.677692,-0.162953,-0.941498,-2.247016,-2.692859,-0.932657,0.672749,1.444395,1.375418,5.297106,5.576746,4.662306,1.163336,-0.873022,-0.653381,-0.754449,-0.572100,-0.276248,-0.929532,-0.191314,-0.589238,-3.681672,-0.724369,-0.217339,-0.115221,-0.508837,1.358197,-1.274992,-0.727115,1.249608,1.368351,1.349271,1.349960,1.369080,0.278480,0.232711,-0.278630,-0.223626,Train
2.441834,1.838073,0.702226,-0.644558,0.492600,-0.624837,1.052130,-0.566889,-0.925378,-0.923858,1.079987,-0.496837,-2.908584,-3.933771,-4.720833,-2.431586,0.303596,1.248811,1.723858,1.682866,1.162752,0.264784,-0.235090,0.364127,-0.543016,-0.219063,0.141196,0.262295,0.629209,0.434802,0.566513,0.262843,-0.521558,-0.797395,-0.268942,-0.065485,1.648956,0.747945,-0.465767,-0.029114,1.722321,0.676599,-0.648139,-0.471814,-0.511582,-0.462592,-0.263446,-0.476692,-1.764893,-1.305530,0.444927,0.369919,0.300304,-0.563311,-0.998781,1.295508,1.563970,1.433163,1.432854,1.433748,1.433983,0.276377,0.232639,-0.276518,-0.223554,Train
0.112786,0.911036,0.174225,-0.878259,-0.027785,-0.769792,0.277703,-1.015087,-0.059067,1.108629,0.128652,-0.834983,-0.617615,-0.462463,0.170079,0.554748,0.137291,-0.475004,-1.197485,-1.827760,-1.684122,-0.737274,0.174240,0.531199,-0.242213,-0.321104,-0.118619,0.046863,0.331958,0.525362,0.427378,0.171834,-0.016129,0.101882,0.147652,0.070601,-0.357725,-0.361739,-0.544980,-0.447418,0.614816,0.952528,-0.294768,-0.636365,0.168180,3.354575,2.417259,1.091110,0.923989,-0.648721,0.257786,-0.047957,0.007815,-0.524143,-0.193875,0.800533,0.594812,1.512694,1.506453,1.507350,1.513498,0.278461,0.234367,-0.278619,-0.225096,Train
-0.658814,0.332254,-0.523079,-0.493670,-0.560020,-0.522786,-0.538117,-0.817944,0.374089,2.124873,-0.564879,-0.501338,0.022935,0.146622,0.068756,-0.402082,-1.155283,-1.352604,-0.653146,0.679862,1.204040,0.716516,-0.099184,-0.533815,-0.447994,-0.169216,-0.064888,0.582118,0.238622,-0.437562,0.120938,0.643462,0.197039,-0.172946,-0.150422,0.096303,-0.438002,-0.442861,-0.508102,-0.369494,-0.658795,-0.554010,-0.237271,-0.376438,-0.642678,-0.987299,-0.705976,-0.779779,-0.108665,0.236040,-0.397235,-0.513517,-0.480276,0.057212,1.411756,-0.546399,-1.151987,1.596598,1.597663,1.598725,1.597677,0.277504,0.232051,-0.277652,-0.223019,Train
-0.443011,0.072281,-1.003034,-0.200418,-0.823848,-0.305457,-0.958661,-0.236365,1.240401,0.600508,-1.008966,-0.221182,0.092911,0.199278,0.127799,-0.276326,-0.426356,-0.387254,-0.204441,0.075285,0.118949,-0.060958,-0.196735,-0.224506,-0.229465,-0.437291,-0.251695,-0.021602,0.238966,0.449541,0.406214,0.277759,-0.276962,-0.635318,-0.718690,-0.017455,-0.437261,-0.465739,-0.561491,-0.501421,-0.717862,-0.428460,0.092269,0.074939,-0.212173,-0.850488,-0.379234,0.786867,0.537753,0.507084,-0.499666,-0.598671,-0.537948,1.527242,1.500461,-1.424932,-1.365357,1.671362,1.671747,1.672783,1.672400,0.280036,0.233980,-0.280198,-0.224750,Train
